"DHSCLUST","LONGNUM","LATNUM","arabiensis_crop","EVI_Sept_2011_crop","GHA_alt_crop","GHA_popden14_crop","GHA_Roaddist_crop","GHA_waterdist_crop","LC_2011_crop","LST_Day_crop","LST_Night_crop","Nightlights_crop","Rainfall_Sept11_crop","URBAN_RURA","LCType","GRUMP"
1,-2.009094,4.965165,0.115240999634019,0.858768463699328,-0.468868014692674,-0.972993647467614,-0.340839455696105,0.351224171951495,0,-0.388337463026626,-0.474914140799222,-0.851141382740507,-1.03181844848732,"R","crop",1
2,-0.400936,5.793782,0.416808265174278,-0.0366935532031509,0.714270199867318,-0.611220965762754,0.561640200339839,0.200770633934982,0,0.651279247668951,-1.69987434159017,-0.525363797675164,-0.783685874908707,"R","crop",1
3,-1.636748,6.742562,0.226824428927539,-1.68118672735922,0.779330943779319,1.84570680618042,-0.572243635825467,0.796879564330131,0,1.00870827977383,0.435884841827698,1.42777111744266,0.909288005634211,"U","grass",2
4,-0.413996,5.503744,0.659379058521885,0.221626660161724,-1.77844359558103,0.424103938171864,0.873675406256561,-1.59641722000147,0,-0.656190267550283,-0.70915910442426,1.32137196335961,-1.34390025655261,"U","grass",1
5,0.038188,10.554068,0.708690527538068,-0.494422577418893,0.958564100670801,-1.05707483679034,0.668229463538397,-0.0503631706989142,0,0.874778725771831,0.987612509051954,-0.925931194382344,0.581996478170407,"R","crop",1
6,-1.586704,6.725353,0.681519270743008,-0.413816612967647,0.859824716822557,1.86812905241657,0.903268713756722,0.775638748740919,1,1.76084075148487,0.659689384934095,1.27548037663763,0.822325241815582,"U","crop",2
7,-1.154177,5.493283,0.0683917290437735,1.44582603306426,-0.100257606929816,0.107112276836012,0.573889643108272,-0.391932541982897,0,-0.884233890744013,-0.908423462061703,-0.512958617706163,-0.630700985361718,"R","crop",1
8,-1.630634,6.716656,0.549359600458816,-0.325130062443476,0.859222662647548,1.86843986941369,-3.40504136482749,0.967853558874672,1,1.09892999706615,-0.00325191838052213,1.71792629326018,0.908741380743356,"U","urban",2
9,-1.279127,5.692909,0.361698845726331,0.613639629638455,0.337131722361199,-0.318747104195123,-0.587312372147161,0.00664865693702114,1,-0.2142776316556,-0.349644729177378,0.517140282440313,-0.095754129843159,"U","crop",2
10,0.150627,8.679028,0.402036299656884,-1.69982956548355,-0.223585063308722,-1.00549431854866,0.0685677675697128,-3.20552262457442,0,-0.559079093842583,0.198249516588057,-0.914108932702118,1.82747187523942,"R","crop",1
11,-2.505134,8.095318,0.419004872240596,0.113683731123098,0.841732885747977,-0.969372711255985,1.14195252220302,0.940394288179229,0,-0.271423650997837,-0.593809504122019,-0.932034837919164,0.74406062263326,"R","grass",1
12,-2.237646,7.223636,-0.388743234093313,-0.0132729613905026,0.80634956040729,1.34562347176737,0.102472026624171,0.18704373640039,0,-0.614902274435017,-0.1353550688699,-0.138917303616056,1.48334317234972,"U","crop",2
13,-2.783464,7.225835,-0.293835927895586,1.327986903532,0.84449066301256,0.598204802827279,-0.00702421740747985,0.67060486452763,0,-0.544475965501436,-0.712439044287464,-0.630045149007165,0.415240974433991,"U","crop",1
14,-2.419952,9.49535,-0.00393491063669243,0.240494337322452,0.916420849158222,0.844487522527568,-0.562988021904659,0.868492602761836,0,0.0514804190198975,0.693928819784907,0.0233020445770158,0.00148416757109302,"U","grass",1
15,-2.792227,6.925463,-2.21039081303012,0.241371733479213,0.64136878639191,-0.951350069103159,1.00908708030529,0.816405171224698,0,-1.5376784045243,0.187876878160673,-0.898992438333309,0.359337562111539,"R","crop",1
16,-0.700474,5.94169,-0.778053734414945,1.11606010262944,0.790221818155369,-0.772092799432933,1.01328842701219,-0.177557827718543,1,-0.60375721969016,0.0298558671054848,-0.79682336045517,-0.142623662557279,"R","crop",1
17,-2.691144,7.943569,0.186388086946679,-1.10721234199617,0.984896802206655,-0.19095873587432,-0.880707994361136,0.47514408737389,0,-0.904191559645809,-0.299351272258495,0.047502403320189,0.574140238188894,"U","crop",2
18,0.489497,7.136724,0.135255010512929,0.598441162863166,0.494771851788439,-0.599551526160662,0.194127766770838,0.350523858708534,0,0.868745637555295,0.242421868691361,-0.588686770304079,0.321189666875788,"R","crop",2
19,-1.100463,6.584725,-0.997172060998597,0.619737237014915,0.589237401320781,-1.09836314303441,-0.256987649807425,-1.59048443418593,0,-0.931047195886003,-0.297153606452487,-0.597070128409688,0.229387855249423,"R","crop",1
20,-0.190803,10.970069,0.741081818829764,0.787707248551114,0.624818548811359,-0.513159420981048,-0.176764637314178,0.341719875475021,1,1.10547775105886,2.20038922966598,-0.881654068010524,0.601064862115691,"R","crop",1
21,-0.526861,8.463161,0.516278805543771,-0.350041125374369,0.307684401638173,-0.610863422762989,-0.144984607605776,1.03684918467359,0,-0.940835815582941,0.127587091201871,-0.840368688900608,1.53455525599132,"R","grass",1
22,-2.841378,10.512106,0.704816743042118,-0.750472574973479,0.772900024620731,-0.755945838538406,0.237281524965656,-0.121273515137868,0,1.32925522988971,1.9114554606722,-0.84580670670246,0.142188371542823,"R","crop",1
23,-2.575391,7.431939,-0.104383478311311,1.90678273088092,0.954259898865263,1.25883649703449,-0.120120343759944,-0.182411513654604,0,-1.35237514350066,-0.40618927768422,0.276039233305844,0.681755859583057,"U","crop",2
24,-1.388365,10.525542,0.6872381984766,0.235377704629415,0.45928790941217,-0.909704604068439,-1.35754455794954,0.588573524418656,0,0.51442082326248,1.46810316608437,-0.898764265720437,-0.380069438054446,"R","crop",1
25,-0.636008,5.593991,0.174334133350535,0.224963115649819,-0.768524623093943,0.0169420556772705,-0.853234072596261,-0.707954417592651,0,0.382748988803295,-1.48626729222399,-0.180100548319157,-1.34346009398958,"U","crop",1
26,-0.523012,5.902272,-0.204463316382742,0.962420012041109,0.750105887961569,-0.936385587353037,0.729096953039276,0.235796124987924,0,-0.106100022909684,-0.323678209189144,-0.866671465918588,-0.331101691154155,"R","crop",1
27,-0.203981,8.47173,0.649580992677391,-0.56772219930665,0.058263613314066,-1.05916077632147,0.184300365293134,-2.72916263784014,0,-1.028882095692,-0.145781972872778,-0.845420608785899,1.63344831777081,"R","grass",1
28,-0.145988,5.74859,0.401334864691207,-0.46420872220375,-0.51145535641436,-0.534734481983897,-0.781841292746537,1.15609286733331,0,2.37216750451089,-0.223216553661251,1.30019661826836,-1.253780729256,"R","grass",2
29,-1.214181,6.620168,-0.595715816363205,0.512199013450655,0.673368964201367,1.47916466231919,-0.847826651493665,-1.86010585093482,1,-0.531565411072161,-2.2638550447286,1.31612373066028,0.418368453087749,"U","urban",2
30,-1.654097,7.489446,-0.146170429760446,-1.05241451508159,0.598365862003191,-0.987060443654078,-1.31132383071345,0.156602384281557,0,-0.699522385954188,-0.89357143863986,-0.845996081297175,0.957557640598328,"R","crop",1
31,0.008698,8.101186,0.581081405455104,0.712848580811032,0.0681083999614011,-1.09323776207716,0.784599896499534,0.438350036770197,1,-0.718327999607709,0.640313592867003,-0.945230213803416,1.69038598637719,"R","crop",1
32,0.955204,6.140651,0.649783713075213,-0.317097123499379,-1.68162055617402,-0.449713255975724,1.51635434155438,-2.42911206043996,0,0.845155623204172,0.276962818168694,-0.840867746067585,-1.47033902838666,"R","grass",1
33,-0.857472,6.445297,-3.07534612338728,0.0850917588641621,0.659259182134063,-0.836104382249538,0.832847439855007,0.373253967386852,0,-0.564026540247784,-0.24016005288349,-0.842153451732361,-0.130783028258867,"R","crop",1
34,-0.002787,6.922908,0.267911539211558,-0.0329128732739633,-0.276023988774452,-0.832058655052607,2.00732877074096,0.239010677502048,0,-1.00542285619696,0.0224556178092847,-0.958028775529044,0.12093266453323,"R","grass",1
35,-0.151343,5.567143,0.660444518098904,-1.91564665232706,-1.69088862670058,2.26892499540256,-0.616417397408115,1.29547203185594,0,-1.44169342853055,-0.126260922161446,1.94124534035656,-1.63698453083258,"U","urban",2
36,-0.994889,5.58263,0.386999003262679,0.0436344141566664,-0.339804558479944,0.184101499133643,-0.225549154600926,-4.95626381329672,1,-0.195780744786282,-0.774412122719661,0.806036492679055,-0.793016503739229,"U","crop",1
37,-1.078593,5.700158,-1.26623415369932,0.92706607631403,0.227592738706576,-0.861019084898922,1.26031550765064,0.728285237178463,0,0.255954142990374,-0.939319770768568,-0.838111040593145,-0.10494658094585,"R","forest",1
38,-1.790434,4.914374,0.426434517562769,-0.991986740161374,-2.13427736863851,-0.183353325020068,-0.965232876799333,-0.213897768078737,1,-1.71833364014863,-0.375460692427566,1.66573332550753,-1.00705781875918,"U","grass",2
39,-0.817643,9.619032,0.218632812969704,-0.18159325936639,0.354601788862423,1.3032757206519,0.15949048788261,0.196760182468785,1,-0.250833073533951,1.50289123625707,0.293130704359929,1.0765781227227,"U","crop",2
40,0.280008,6.532596,-0.355410454587285,1.75399504322733,0.459297805165869,-0.468557272786654,-0.666449042167728,0.110960179800708,0,-0.600979662054641,-0.375778981283672,-0.209889782762371,-0.443983547925546,"U","crop",2
41,-1.03187,5.337116,0.356902721379925,1.64107707774221,-1.33648260096536,0.0999741833958184,0.377738835125397,-3.61950393111153,0,0.518216233745445,-0.345602760205196,-0.78134048387622,-1.58866233522473,"R","crop",1
42,-0.394608,6.228707,-0.616603918801779,0.126318390782022,0.533382009457197,1.66542098193731,-2.7516181789977,-1.77546598330603,0,0.202689209139001,0.400411001851476,-0.154158169344483,-0.0322907916998533,"U","crop",1
43,0.471193,7.137216,-0.0556372618191488,-0.202009084671896,0.326641984595858,-0.0806940037525701,-0.209361334159021,0.012376819838883,0,0.340410601612981,0.456309677555953,0.104663740627957,0.321892200826247,"U","crop",2
44,-0.069306,10.896973,0.740433042589786,0.65864101001775,0.663304984296514,-0.275055511112648,0.64367263478135,-0.205679187057911,0,1.03689849486639,2.2355634095703,-0.754785673826485,0.861843712311369,"R","crop",1
45,-2.117523,7.349223,-0.342188512109986,0.573678497528333,0.853721147545921,-0.934705288395134,0.736728317515619,0.282397427168463,0,-0.882632907821705,-0.559345831020087,-0.851541507576153,1.2277487400598,"R","crop",1
46,-1.712563,7.935717,-0.791820574330945,0.579718212087932,1.20946209239032,-1.15446018579073,0.986706328604726,0.821691334835383,0,-0.376098720954895,-0.739815748816641,-0.92292180906477,1.28735578228853,"R","grass",1
47,0.948708,5.807975,NA,-2.35069281507602,-2.95063234405758,0.667366094320169,-0.0177095617261297,0.18599347034956,0,-0.602536614964655,-0.272199356420845,-0.300262540141818,NA,"U","grass",1
48,-1.080814,5.448083,-0.851510529784615,2.12870340481347,-0.619649394773755,-0.800896497376,0.414149633794741,-0.59578742833149,0,-0.52125432342646,-0.918274403802118,-0.880885515234188,-1.04063998116577,"R","crop",1
49,-0.105796,5.577422,0.698390144135811,-2.30188244255304,-1.8546495632407,2.40215012740102,-4.82050994318981,1.03764543944984,0,-1.79960381560248,-0.127814643604652,1.24314530673907,-1.67741869687043,"U","grass",2
50,-2.845937,10.697671,0.701964352686137,-0.694603244801349,0.787460520380748,-1.03317146827148,1.10431056532209,0.2153757622346,0,1.33434670516343,2.02335505554365,-0.922018346215191,0.273228101323743,"R","crop",1
51,-2.60062,7.964845,0.157416825831068,0.978712636343923,1.06312778772345,-1.18391850796375,1.45641574813635,0.945602485492266,0,-0.655451977449265,-0.714624733391665,-0.895994493936138,0.643216192817763,"R","crop",1
52,-2.130236,6.150937,0.554205982610496,1.30898863811421,0.162077557038197,-0.345602452995544,-0.435718223054077,-0.117972371462642,0,-2.10458069205005,-1.73067550034563,-0.628632977011099,-0.0143112133665932,"R","crop",2
53,-1.714392,4.952203,0.643956620206086,-0.585225981036551,-1.1056242473613,-0.391077742658857,-1.5806347054388,0.625372979437959,0,-0.926299556817697,-1.45252289812798,1.200987412969,-1.09394970424546,"U","crop",2
54,-1.727518,5.00325,0.654650471067154,0.920159224983439,-0.970139269045264,1.42266926683566,-0.000912164202843195,-1.46778953903272,0,-0.368321236248785,-0.598811895099659,-0.496945712413312,-1.07020365047941,"R","crop",1
55,0.326889,7.16699,0.195842603309753,0.843769969410596,0.258120631601652,0.225557268811294,-1.02595613046517,0.601318336617374,0,-1.30162634574478,0.0937637846840903,-0.722554098307622,0.547801623186257,"R","crop",1
56,-0.815987,5.300916,0.677537889351979,1.71465416354876,-0.826650490467183,-0.522966874263303,0.033433261433471,0.8664566223245,0,-0.454038587482878,-0.772584395981694,-0.844236290803204,-1.78054350126512,"R","crop",1
57,-0.792792,5.846177,-1.62923330244536,0.704895961461688,0.568365268993763,-1.13362264125698,1.05670843771821,0.246853064689782,0,-0.181666596646255,-0.878819335614177,-0.846001572151286,-0.194886701870555,"R","grass",1
58,-2.498544,10.071832,0.468609901238563,-0.379814810597031,0.953013699291287,0.988801699855171,-0.414917957034783,0.00618152416774535,0,0.779184181581219,0.332670163538529,0.755892901324502,0.807405091047379,"U","urban",1
59,-2.908872,7.509228,-0.301686038122517,2.38793210894584,0.706374324065593,0.165249474282439,-0.838402113004761,-0.150168551458137,0,-0.808758952465693,0.278119140000043,-0.841361281205773,-0.158341836413871,"R","crop",1
60,-1.45488,6.78661,-0.427683464582162,1.71289562872518,0.876179804406229,-0.449960377122934,0.618727087817779,0.382305235147575,0,-0.655933150666206,-0.856186635243754,-0.597942570356256,0.627111159665672,"U","crop",1
61,-2.667279,10.535891,0.583844585532637,-0.911382349213585,0.949293177004134,-0.87108018645665,0.300359506346398,0.769937762733496,0,0.701497704517957,1.16225749335775,-0.801681428257888,0.115603715699909,"R","crop",1
62,-2.029291,9.225152,0.634147566753855,-0.915400468392897,0.788666101561133,-0.462030339660344,0.60141173939088,-0.822860774416372,0,0.593265354928127,-0.0283938812194482,-0.901895652714945,1.02225333631308,"R","grass",1
63,-1.877879,4.907581,0.441479254874764,1.40705826204536,-1.1391175954593,-1.14436336254764,0.579634024208759,-0.0339053317715041,0,-0.938395403145845,-0.713119450227236,-0.632165394495691,-1.00068983080748,"R","crop",1
64,-0.238606,11.059393,0.744524003002462,-0.0756384244847237,0.715010214031213,1.65274019001739,-2.13418532570487,0.0793342828597175,1,1.35017003534294,1.68827224979432,0.585821964252042,0.452055325060527,"U","urban",2
65,-2.417165,7.96651,-0.625512440511418,0.375624232203498,0.791593154690382,-1.02272380038432,0.919821716167154,0.516425616941176,0,-0.0984398871779415,-0.22187736797783,-0.866027851629589,0.788156346673644,"U","crop",1
66,-2.80999,5.834936,-0.385581378228334,1.10653171496318,-0.17734232239128,-0.923264503343751,-0.457268350965355,-1.91494664453116,0,-0.520153200075123,-0.086037550948451,-0.615132534141049,0.584540121254535,"U","crop",2
67,-0.966748,5.850759,-2.0703164151035,1.68270129037688,0.311094728462697,0.590905520773097,-0.629403192499091,0.15005937139443,1,-0.0669677892064784,-0.350929716494253,-0.660985378849487,0.0523259491345345,"R","crop",1
68,-2.364563,5.572287,-4.15467993493459,0.813234005296188,0.161613444143928,-0.509138998401096,0.00307774417241959,0.644375617476012,0,-0.105145494636844,-0.460391967424492,-0.801405029979019,0.111908452418357,"R","forest",1
69,-1.583515,6.734884,0.678826435981946,-0.588295188199149,0.872976798911831,1.73784733200283,0.796224702565646,0.65153265001385,0,1.30566601126204,0.549061122724306,1.45716958817675,0.816142116810981,"U","grass",2
70,-0.430897,8.163026,0.0276607848656288,-3.37669456185365,-0.257292108816145,-0.960171365202146,2.18175307006953,-4.96261446315008,0,-1.52567187882688,0.398272128639273,-0.910928226081458,1.86651125388441,"R","crop",NA
71,-1.976284,6.69194,-0.54669841913974,0.0349480253922653,0.51561617634111,-0.466502009480466,0.238659666626219,-1.08803002866327,0,0.512916194016818,-0.305871799766122,-0.815083096900193,1.37359548884591,"R","crop",1
72,-2.316421,4.973827,-2.93068128444104,0.00251645381759056,-1.41700109539326,0.431241632193648,0.275267787360469,0.857706846443884,0,-0.623043118596487,-1.84432986714392,-0.0968618727659831,-1.12247349843248,"R","crop",1
73,-2.757826,10.875712,0.715087388216401,-0.708187826730463,0.839697796698565,-0.871015265714986,0.110403947200023,0.971383185926891,0,1.01296462631613,1.5693659023109,-0.848031725469121,0.240199048994544,"R","crop",1
74,-2.489537,10.056536,0.465826134802148,0.230870146653338,1.0065749909462,0.723228925382714,-1.73786401255231,0.485301496962779,1,0.418591896919857,-0.653787592443076,0.939514333220197,0.820805957283304,"U","crop",1
75,-0.664253,10.661811,0.707714408684697,0.658175609686577,0.356921333761316,-1.05092134179982,1.42444572050543,-0.566113844112229,0,0.089994654088309,1.45736039588538,-0.882751124687954,1.04291357748315,"R","crop",1
76,0.077,8.807,0.530476314116789,-0.282825270616712,0.37716928933268,-1.07230160905155,0.209499863174588,-1.1027416337986,0,0.170546820512676,-0.240164006282631,-0.899128403721412,1.56624288694403,"R","grass",1
77,-1.150877,9.139257,0.339451807553748,-0.45269047204982,-0.197735422305767,-0.602997322504926,-0.988649692344367,-0.301478255553181,0,-0.769162435066868,-0.943445224338318,-0.705885024631679,1.22312928413124,"U","crop",1
78,-0.002687,9.443121,0.510885964499923,-0.538645041894647,0.5798993528862,1.66523930044625,-2.96873738707941,0.339751215073017,0,0.716341462091171,0.461756813426337,1.07514253415784,0.91557060061046,"U","grass",2
79,-0.478616,5.806579,0.497965048651465,0.847752895741406,-0.256892373151434,-0.506476644984256,0.042756227742049,-0.111899465700575,0,-0.371148016901134,-1.34565601440469,-0.522507645605819,-0.606077985241256,"U","crop",1
80,-2.027717,7.18233,-0.873295315723206,2.35705248627429,0.924660600575342,1.3306577003237,0.496952299239629,-0.126092974516816,0,NA,-1.09903652084532,-0.278298412044876,1.13395630095312,"U","crop",2
81,-1.760391,4.915465,0.560362047352593,-1.04397618800463,-1.96916663813113,-0.232180460261202,-0.497430682300891,0.535453649760856,0,-1.79512759144766,-0.877478111659025,1.66553408263277,-1.00705781875918,"U","crop",2
82,-1.762104,4.935371,0.596043611681593,-0.342091723501491,-1.34700316135189,-0.232180460261202,0.183230492642592,0.678510480222549,0,-1.966333286604,-1.24845948423159,1.27514951552717,-1.04371515369621,"U","crop",2
83,-0.211581,5.578471,0.661508084400887,-1.47463323318039,-1.3199459806198,2.48101660607321,-0.500312828597832,0.842290609168127,1,2.71423001350057,0.343436115297709,2.32298063860323,-1.58405253165577,"U","urban",2
84,-2.936622,6.941108,-2.09156474478093,0.692486694555306,0.533436842719571,-1.01204019534911,0.777503062695662,-2.19746081795231,0,-1.30299495582851,0.134028121467539,-0.933418235787971,-0.19501117754452,"R","crop",1
85,-0.88719,10.921841,0.722560091955907,0.483416102285456,0.725285815316992,-0.349989336718292,1.35623537856905,0.368212450606401,0,0.775529355882822,1.71528108092341,-0.937679749811051,0.939582905714251,"R","crop",1
86,-2.483826,6.555773,-1.73366923109968,-0.155323262121915,0.499117594237906,-1.07391166438756,-0.623749533649611,1.05083960743784,0,-1.11303511292803,-0.62578292055279,-0.82631369705703,0.771009049402581,"R","forest",1
87,-1.060055,10.779532,0.727424341570376,-0.154382371582524,0.374524319327018,-1.18707793486124,0.744119471764018,0.508664544921369,0,-0.0292031888639639,2.44110178602811,-0.902300789211528,0.780118831239457,"R","grass",1
88,-0.226009,5.605954,0.710129399058172,-0.711258712213215,-1.37052065378384,1.72552556325425,-1.12276787158535,0.650306724731213,1,2.70953481866599,1.05321258728231,2.07064922713663,-1.57081953186156,"U","urban",2
89,-0.406674,5.541101,0.707702381540414,0.143951382933092,-1.31068665410003,0.869701259051876,-1.00621174615104,-0.256522420659647,0,-0.399633798644444,0.121452420006136,1.58009281576553,-1.34533806344014,"U","grass",1
90,-1.85373,6.951779,-1.81309718552878,0.149076313854672,0.825291152514667,-1.14269445481058,1.39402328857123,-0.0157831174338593,0,-0.826670105840079,-0.612850282252859,-0.824579359800269,1.1101579270273,"R","crop",1
91,-0.802209,5.722526,0.355520059309267,0.616524626574789,0.209523489390087,0.0575441685832651,0.937974010391586,-0.0802157837218402,1,-0.373994123803011,-0.991394853618581,-0.847253227646406,-0.693387617977555,"R","crop",1
92,-1.514941,7.043135,-2.03407960117754,-0.262308447977936,1.16893468554685,0.303348251352516,1.60007518802654,0.196460069541226,0,-0.921418642012665,-1.63131219288308,-0.347689477078646,0.848040878763612,"U","crop",1
93,-0.475788,5.558925,0.667831833460347,-0.261299417946114,-0.61780460850407,0.65016084727319,0.860193044020219,0.0532799353245166,0,-0.132648193403269,-0.635942924680213,-0.0240574192639615,-1.35140748393808,"U","crop",1
94,-0.754672,6.633223,-3.15522550131747,0.966041027071327,1.44102122594563,-0.0277054747050252,1.14327397424443,0.656608789136368,1,-1.1797482077088,-0.494304436077733,-0.447653944324066,-0.0827410286016592,"U","urban",2
95,-2.160132,10.837521,0.492554106307341,0.894067591635191,0.903972695565443,-1.17485396813448,0.891989378783503,0.186182987749291,0,0.304035361473338,1.26776064416864,-0.896600384290439,-0.119381154282923,"R","grass",1
96,0.131078,9.712389,0.257276324953896,-0.238683822212417,0.111615763960847,-1.0187981197654,-0.484597778687878,-0.65632757607566,0,0.678536978296225,0.392745783991282,-0.914774721559906,0.980833491589307,"R","grass",1
97,-0.703546,7.689684,0.109295862941844,0.872604467766713,0.23303848421996,-1.13938235185897,-0.981433112472152,1.07882398895148,0,-2.88202252781659,1.19806210206331,-0.899098997992401,1.55721093977223,"R","crop",1
98,-0.425483,6.258214,-0.993190820348678,0.0353507957262298,0.699895831500712,0.342163793116593,-0.287245103871611,-0.159518624541503,1,0.282775956605448,0.571340371184144,-0.297250230639063,-0.120787778684032,"U","crop",1
99,-1.148764,9.021906,-0.175244096429163,-0.171445941135568,-0.11365437119724,-1.05184964242016,1.66815697338457,-0.0021457515781178,0,-0.338602668250908,-2.23688250931693,-0.908554348221026,1.16183750262399,"R","grass",1
100,-0.162382,5.564213,0.653221258697596,-1.87968111284737,-1.19466199477784,2.36185111082181,-0.396142220712424,1.24019301375585,1,-0.643145969441328,-0.446347213140433,2.07459706472323,-1.62742736431455,"U","urban",2
101,0.440938,6.766258,0.0289149195685413,1.964641760192,0.70021013511083,-0.995363149524765,0.162547642000704,-0.167426819719563,0,-0.273161454569472,-0.165927032495846,-0.851068841394448,-0.11523995533084,"R","crop",1
102,-2.318479,7.381131,-0.125878289717674,-0.274580148415982,0.884971399329404,-0.0336011351405587,-0.470684100538918,0.274976760605636,0,-0.571722707408953,-0.0880357847428801,-0.121808314515342,1.21055438419979,"U","crop",2
103,-0.688929,8.218042,0.323828816489825,0.158830942550283,-0.065108188532181,-1.16953959066661,0.416135496163292,0.269198486024904,0,-0.502807538861299,2.10367418686155,-0.887180869301211,1.63133168687954,"R","crop",1
104,-1.613891,6.729737,0.622291539035262,-1.15029500644897,0.860732878888903,1.86843986941369,-0.242145005697385,0.763851273529041,1,1.11680846821971,0.641322192374449,1.43779096219146,0.872232535098781,"U","urban",2
105,0.430522,6.071222,0.397823927896816,-0.171075853721419,-2.73376926598299,-0.209244121860494,-0.15221697829129,-0.510451784643921,0,0.346748244783043,0.538221240330716,-0.126172889140845,-1.26227410301322,"U","crop",1
106,-2.354333,4.946797,-1.83117632877737,-0.250881519833309,-2.40993713485027,-1.01854338899553,0.383862830735773,0.453653407966218,0,-0.164161408205407,-0.917542291601139,-0.668913549480523,-1.07498525476035,"U","forest",1
107,0.340457,6.953207,0.0752198925526602,0.931178787680329,0.0123011633173319,-0.198590284438281,-0.569587027522203,-0.721015653210495,0,-1.66158974918119,0.271694094854754,-0.842546967995001,0.282924782987023,"R","crop",1
108,-1.545766,6.674774,0.67290509416419,0.399554963097556,0.78189181142303,1.76260681239109,0.552509189984233,0.372062867414294,0,0.134860667316332,-0.269881467257306,1.19707487875215,0.761883206398476,"U","grass",2
109,-2.736487,10.992965,0.7188056462145,0.376072274971373,0.861150273870335,0.0731172093677092,-0.643536469628584,0.0640865162539348,1,1.34118362315888,1.15569318233545,-0.777291044831742,0.187513304398609,"U","crop",1
110,0.231155,5.954047,0.661751130136954,0.922194053041506,-1.57270116448387,-0.773058349573753,-0.231722956601365,-0.0786354671837596,0,0.966187841439789,0.832657787055283,-0.85764582706454,-1.40564185801243,"R","grass",1
111,-0.212773,5.944213,0.485985979296371,0.324417163723439,0.336719795138914,0.307830217616076,-1.45151383009562,0.48634733990735,0,0.41746549278249,-1.13171988001986,-0.446495492960325,-0.651463833369024,"R","crop",1
112,0.041253,5.691434,0.71537945587111,-1.52677797739435,-1.91373884817551,0.496274877785685,0.373696008561652,0.445394456294719,1,2.02963508488131,0.0914693369006674,1.41286258984575,-1.50676125906432,"U","crop",2
113,-1.779983,4.906708,0.474959485996689,-0.935078924328521,-1.91405513331453,-0.232272852242897,-0.343075036315086,0.00800962670717226,1,-1.43700894838478,0.0350044329858586,1.74543890436305,-1.00705781875918,"U","crop",2
114,-1.632318,6.656801,0.343613811257975,-0.605076740977578,0.744318580767758,1.86843986941369,0.300444037746907,0.815143200666838,0,1.43507792906946,-0.317723034588282,1.87802910711052,0.939877547375594,"U","urban",2
115,0.045813,9.982461,0.268083208246226,-0.169200483600514,0.491040458125083,-1.16374911782613,2.03597803842926,0.426024608646679,0,0.881598956512966,0.633330456422757,-0.957599443606855,0.544706946956221,"R","grass",1
116,0.055588,6.151921,0.582843351741409,-0.934358601716726,-1.3418067820114,0.794184148321999,-0.826546857239122,-0.330978639166009,0,-0.313743173341179,-0.943868093426475,0.558266807851325,-0.718393002736677,"U","crop",2
117,-0.326817,5.522098,0.46232108280717,-0.589910020749095,-1.47185074989679,0.4897270756568,-0.822053714471345,-2.5014870135137,0,-0.0620913874337964,-1.54592411886077,0.829555683455793,-1.44453095187144,"U","crop",2
118,-0.57891,6.308755,-3.05116548162778,2.28975079403967,0.762579048389149,-0.621302102198376,0.119325934648208,0.841815988080678,0,-0.93950427139988,-0.916764294475821,-0.465341402814885,-0.342524563504294,"U","forest",1
119,-1.062457,6.208105,-1.01204313931789,0.634732711555781,0.218197625228954,-1.12247755982115,0.0838302730537518,-0.0521151261626047,0,-0.66581505280139,0.0323102748148191,-0.799572246663287,0.108138063974739,"R","crop",1
120,-1.746236,4.913044,0.593371776557144,-2.08530383603002,-1.98206794681535,-0.291260556015244,-3.01817902659795,0.693357722914668,0,-2.21926716236349,-1.22490466390371,1.32750025115058,-1.00705781875918,"U","grass",2
121,-1.305518,5.155128,0.560012832665613,0.624150444102021,-1.12969215234561,0.172747366687252,-0.0449467039613649,-0.143077418688957,0,-0.729713979944038,-0.986171899456137,-0.112412522266112,-1.12785158086061,"R","crop",2
122,-1.948946,7.578641,0.0271429351841867,-1.35569179471705,1.16435396828395,-0.297613957516314,-0.580969222698477,-3.56860820540249,1,-0.177465682635284,0.489256782775148,0.707222395017594,0.855440282702988,"U","urban",2
124,-0.351752,5.621034,0.505570403704242,0.936280601024519,-1.730168220363,-0.742171031037484,0.138483015383318,-1.17662558823541,0,0.233166076303387,-0.494041694045351,0.00625953737005437,-1.41370318129199,"R","crop",1
125,-2.577528,7.443561,0.113077002935912,1.9273084696679,0.957112500822041,1.27582280154089,-1.15392433801504,-0.50009440166743,1,-1.35237514350068,-0.387755300696638,0.694698442876998,0.669485989937298,"R","urban",2
126,-0.758292,5.268589,0.559670405357947,-0.877576942826899,-1.61574492188889,0.130840584269789,0.886196936490212,0.331120280068863,1,-0.967198661135208,-0.557132980542348,-0.325158528483263,-1.76967068167582,"U","crop",2
127,-0.027497,5.682693,0.715500331625621,-1.98602512408144,-1.23633639503447,2.00508056656283,-0.501039258175026,0.785790989205481,1,1.04583313481561,0.623079954011076,1.69249433315389,-1.56073781146885,"U","urban",2
128,-1.946618,7.592999,-0.102567491429406,-1.41487288536453,1.18754049949916,1.38528851897761,-1.59703158408536,-0.496547025817439,1,-0.41548284120451,0.323484514086511,0.808974271427615,0.85333062039565,"U","urban",2
129,-0.223934,5.59396,0.693832538769018,-0.78008189162451,-1.44576440786347,1.52582877453074,-0.926159433158561,0.688666985267049,1,2.01302732798762,0.510928936023492,1.97790483496462,-1.57302503182727,"U","urban",2
130,-0.567755,5.57275,0.613032288151139,-0.145770296891751,-0.0578127865770402,-0.236652194911905,0.821739643981211,0.445165995044181,1,-0.0692849202246135,-1.68013958318999,-0.760094784989984,-1.35437402205527,"U","crop",1
131,0.762386,6.100357,0.667685200267045,0.779286151418275,-1.77077278186902,-0.356683048859666,-0.733080720808347,-0.0736281700763678,0,1.88701348222526,-0.409970033022444,-0.597303831713345,-1.41742748695297,"R","crop",1
132,-1.149427,6.017932,-1.12774541654358,0.893957422333066,0.103173735230179,-0.732300455051516,-0.249671059214935,0.803314948292567,0,0.0205201330777144,0.0860506645345338,-0.722473174435095,0.0502187269653353,"R","crop",1
133,-2.093907,7.817969,-0.401870219572199,-1.21674353955038,0.878800936303889,-0.828794955293962,-0.147503321442175,-0.0854051132007215,0,-0.511993977342,0.449388979389489,-0.818248404524432,0.775357078620557,"U","crop",1
134,-2.086953,5.790651,0.0148718071047214,1.43316241654768,-0.365785960894522,-0.288599038059993,-0.421239621132447,-1.02412667437529,0,-0.919372969949716,0.479126085919983,0.00430785701310879,0.701854681864575,"R","crop",1
135,-1.98716,7.526111,-0.150255282184545,-0.206100495220344,1.1094878362086,-0.673929536657672,0.925773930714841,0.490070645030941,0,-0.825432294318927,-0.534329146152407,-0.881041557043546,0.875420777554054,"U","crop",1
136,-0.151667,5.592808,0.696992506627808,-0.601057711576561,-1.02549031295728,1.1443041685747,0.832443025402277,1.27921312466485,0,-1.44169342853053,0.853687761256383,1.50022477060636,-1.63698453083258,"R","urban",2
137,-0.790541,10.97048,0.724509934962017,0.23955309177758,0.720928187876682,-0.198636879379385,-0.0963795380201316,0.677736468295955,0,0.846297718664984,2.66365515515914,-0.907809308815645,0.968859774835072,"U","crop",1
138,-0.252729,5.616851,0.739003784836018,-1.48528428045711,-0.797576585128075,1.65148823325798,0.526607231096543,0.0456053477213557,1,2.70953481866601,0.650502395947979,1.78711036044066,-1.53914031675317,"R","urban",2
139,-2.668455,10.078764,-0.236900573638662,-0.529927235244039,0.898071481453143,-0.972852153692519,1.07933887943805,-0.034392667769628,0,-0.190521716628008,0.659733478338074,-0.887031586061106,0.573411194889467,"U","grass",1
140,-2.13613,6.286058,-0.674803053713115,-0.0172569871542054,0.51598705834499,-0.111564151198018,0.653136036606082,0.720645837820622,0,-1.17069851925195,-0.404268459580131,-0.804241377354543,0.0910534312780735,"R","crop",1
141,-1.985031,5.296669,-2.24908110348593,-0.744946198357235,-0.301714958336651,1.27912331568163,-1.31858746415331,1.07425942788258,0,0.124602880713561,0.450426711459519,1.19899863390018,-0.580137022370386,"R","forest",2
142,-2.709933,10.508609,0.610617176075982,-0.837505813036559,0.876308938142766,-0.92954255583518,0.15791796707204,0.60312772071502,0,0.650113035366005,1.79188890686963,-0.858855828609962,0.171212567644293,"R","crop",1
143,-3.003925,6.301475,0.49072394624071,1.08240995060874,0.231449621097588,-1.08169563339807,0.121343504443444,0.736130972092979,0,-0.370376998491977,0.222373867488894,-0.779070340417539,-0.337888195811534,"U","crop",1
144,-2.940953,7.430862,-0.889458367321344,0.488765995295681,0.809488043272162,-0.589335173339909,-1.02643114014768,0.918461637942082,1,-1.08472733274723,-0.508557406442229,-0.851800874707723,-0.121905173660503,"R","crop",1
145,-1.714682,6.323633,-1.15052293654848,0.336702487028264,0.483684509737637,-1.08402788080311,0.0391006871474179,-0.48218751642268,0,-0.496926937934251,-1.60435828960878,-0.756343715532704,-0.132394863757196,"R","crop",1
146,-0.238172,5.559207,0.445084654835615,-1.64073234026258,-1.54763325377596,2.5529259270571,-0.176725227176949,0.449389759401023,1,1.42807587600784,-0.0858089056834648,2.18732719071003,-1.55827479504386,"R","urban",2
147,-1.754193,4.921209,0.608197871290436,-0.851252776654494,-2.11114636072276,-0.232657798925274,-0.839706207433355,0.667328670027352,1,-2.45166472987853,-1.17513158117558,1.21375958436765,-1.00705781875918,"U","crop",2
148,0.022525,5.644931,NA,-2.22754883052893,-2.57211390563416,0.897349058654998,0.0525490317322581,0.867372579078658,0,1.09300359778161,0.449432166704756,1.64182647439523,-1.60980727780271,"U","grass",2
149,-0.859477,9.409584,0.345517083640923,-0.698094812312553,0.487112135464062,-0.612073551300844,-0.211864603195224,0.419694346532383,1,0.049747579310283,0.489337064307592,1.10962259440685,1.0959566669987,"U","crop",2
150,-2.435404,6.860922,-0.902797702751373,2.50781875272664,0.561066690987396,-0.475458703016065,0.219776280746313,0.422945982087545,0,-0.943961202602287,-0.416553843652457,-0.668656860099491,0.561412925096076,"U","crop",1
151,-0.189446,5.587754,0.675414479718906,-0.991786301876708,-0.791088857199527,2.38335727849978,-0.687172227066078,1.05088987312923,1,-0.394433157951727,0.446299234278339,2.24162610085688,-1.60316686469184,"U","urban",2
152,-0.630286,5.331395,0.383894168457035,-1.87234522493948,-1.80636529363426,2.12522867125866,0.515949291014786,-0.0534200144102301,1,-0.620094021633979,-0.860281837485631,0.0705225222706159,-1.5350731615628,"U","urban",2
153,-0.875165,10.700325,0.723371213437713,-0.0193487629645978,0.452366580287398,-0.742154186298132,0.18708623532085,0.218312597198712,0,0.0205821107109182,1.00597565434992,-0.887463004798451,0.853848079083908,"U","crop",1
154,-0.694926,7.729985,0.426856117270853,0.0961114733635739,0.394680168438481,0.079071506411317,-0.573009810826605,0.645416087425135,0,-1.50281625321056,0.856978429477945,-0.284541194469254,1.88483309522952,"U","grass",1
155,-1.350747,6.501284,-3.07903272410415,0.916632469078869,0.801973913878617,-0.581865060553819,1.12857996031447,0.359538405861709,0,-1.38880153004166,-1.40657014587433,-0.583552021650543,0.63363799152851,"U","crop",1
156,-0.291018,5.662976,0.653036077010047,-0.87062127334528,-0.440131320352726,0.562512302145892,0.367577669812837,-0.354894296388641,0,0.715451751668358,0.96592319107159,1.45046511091221,-1.39711908180535,"R","grass",2
157,-1.851527,8.231822,0.403168744769387,0.0523989307932419,-0.0642426618284945,0.122254678650481,0.618724162267458,-0.150576253305974,0,0.169501034032114,0.52593897336771,-0.878770386619949,1.02413167601243,"R","grass",1
158,-1.266157,5.112673,0.169872743292296,-0.645120663456954,-2.08933061355422,-0.197138177156144,-2.18050814683845,0.553652214693644,1,0.38736968567575,-0.690704677064925,1.42866013456909,-1.2191159615551,"R","urban",2
159,-0.069205,5.922917,0.31673283222486,-0.528642090609882,0.344589583320145,0.0979415638614832,0.401122322298945,0.502629882850561,0,0.828723555527922,-1.03410916604509,-0.257179623028928,-0.828614107656502,"U","crop",1
160,-1.665748,6.197808,0.528173068641369,0.555309571270269,0.725025431878154,-0.543082944415429,-1.00027485781184,0.760107473262466,1,-0.13755676092348,-2.12927760061645,1.50055701680951,0.269610670203278,"U","urban",2
161,-1.05352,10.919104,0.722946863233752,0.900354960478684,0.519073715500782,-0.73035009959339,1.12151883017308,0.445253772547104,0,0.472722364351076,2.23001182978563,-0.696956997020911,0.914655107313449,"U","crop",1
162,-1.56886,6.752605,0.585636620134625,-0.661871067289986,0.87540428336957,-0.184839801811611,0.909005672262443,0.369701580642407,0,1.05631996960837,-0.0708240863488292,0.698382636544797,0.78756612856284,"R","grass",2
163,-1.98563,7.456395,-0.832727273710705,-0.458819091590819,1.04918125469665,-0.644244437488232,0.573930367384643,-0.666530885404314,0,-0.822553739548584,-0.341220815041037,-0.687253580124004,0.912449036281762,"U","crop",1
164,-0.857887,9.404948,0.372257055308551,-1.11647227405418,0.47538517177064,-0.612073551300844,-1.28436402118385,0.497928582135504,1,0.0533326916551291,0.509482023932138,1.30609253857545,1.10066432399439,"U","urban",2
165,-1.505776,6.99261,-2.74299063454502,-0.50227119646671,0.931879183515205,-0.994088333785703,1.0325287857892,0.240107783748663,0,-1.05802283325001,-1.22779752989773,-0.836403720111848,0.819906089376326,"U","crop",1
166,-1.300619,5.646403,0.0277197154928117,1.27371357264488,0.309692079205376,-1.08525076305962,0.422112311202469,0.13185586261693,0,-0.427311695452742,-0.605281497521385,-0.80814584692072,0.027877088670112,"R","crop",1
167,-0.205406,5.694414,0.691993253597314,-0.682562092936294,-0.735626143629162,0.522627861072471,0.179452224337678,0.905346446173079,0,0.0605174163225423,0.171202530291681,1.59465251062766,-1.38199407230813,"R","grass",2
168,-1.818227,4.901685,0.51609707834495,-0.197308110448372,-1.75106085248143,0.624191689403667,-0.00193463793596153,-0.561179712605921,0,-1.04287639706309,-1.134994986368,1.03887989376541,-1.00659165474168,"U","crop",2
169,-1.099969,10.970377,0.700852482807598,1.04660893677607,0.655932441759285,0.371257377696983,0.0401420322144502,0.35431859908083,0,0.941827260132653,2.28528904805978,0.13981606963235,0.910640910874339,"U","crop",1
170,-0.301361,11.103745,0.723817034328782,0.753593136531992,0.541785025775079,-0.817265612541166,0.939932589407152,-0.284748126117318,0,1.09686644761958,1.93190717287545,-0.898011570357699,0.357968460456429,"U","crop",1
171,-3.198924,6.512807,-0.263838951637671,-0.150012461617695,0.444878015412396,-0.0671784483470637,0.553466394018594,-0.0219357190379103,0,-1.1855988291083,-0.115333260205565,-0.843251503205421,-0.345790445836143,"R","crop",1
172,-0.448016,6.034106,0.453342287253036,0.230852636519681,0.48680007625846,0.121632710208662,-1.76827866248316,0.889459706199091,0,0.474867370180183,0.391133471174981,0.760403897082121,-0.129870917983135,"R","crop",2
173,1.122108,6.07586,0.378641650033875,-1.33358466437522,-2.88427980138098,0.174310119713107,-1.41577885555563,-0.454958621815978,1,0.000170010823490032,-0.107822489326011,-0.436706430441521,NA,"U","crop",1
174,-0.343899,5.821611,0.259107893233819,0.0374726518960139,-0.542544212326806,1.2848113466509,0.194024630156111,-0.315857830715514,0,1.74514348577343,0.808920708961677,0.724946657709339,-0.75635949298776,"R","crop",2
175,-2.807766,7.192601,-0.233278994864276,1.4978286150736,0.797351581698712,-0.472627481970578,0.659385714872576,0.827735374390139,0,-0.724234599746124,-0.948729002810149,-0.715345288923114,0.301025980997486,"U","crop",1
176,0.466223,6.610099,0.295029044053138,-0.148978394136513,0.415752526115824,-0.124192658191854,-0.821227258070431,0.225305502765875,1,-0.392649018167247,0.0729407866724533,1.81266594743435,-0.223291613718941,"R","urban",2
177,0.005823,8.554702,0.560260565200629,0.710583184591694,0.490354007117078,-0.969150301137438,0.275194110452088,0.135088490913032,0,-0.329060872153805,-0.561138240052344,-0.686612057923779,1.72079269486135,"U","grass",1
178,-1.72687,6.845595,-2.75017087762749,0.137667958983132,0.714774576595596,-0.17396355596633,0.0774556352091983,-0.464663734166561,0,-1.19833479895895,-0.394296588379727,0.147882960601648,1.22668705310077,"U","crop",1
179,-2.295507,6.979233,-0.584982175363367,1.40549542788029,0.565495576009705,0.737534932514505,-1.05557032069262,0.383831751134515,0,-1.43202043687648,-0.989452112194727,0.441573639903387,1.24214837186899,"U","crop",1
180,-2.731316,6.689888,-0.817870309319915,0.0741184169668201,0.761005178655745,-0.871929626253611,1.51170846370979,0.675258733034328,0,-1.73813726182435,-0.504500830683509,-0.868669473463762,0.344252569805959,"R","crop",1
181,-0.26139,5.525769,-0.774027902081167,-2.09054990805211,-2.00783166868327,2.35550290562899,1.15706379366095,-0.371489416894674,0,-0.747724902834146,-1.50874675078981,1.83838271632137,-1.52851005103612,"R","urban",2
182,-0.232615,6.887179,0.478894706468459,0.50054375017173,0.501207311747766,-0.980894886703694,0.905608499261289,0.483187797550555,0,-0.44640385897941,-1.09944858114321,-0.960205915428726,0.862598665175346,"U","grass",1
183,-0.844709,10.800455,0.737072189974869,-0.0611330354161234,0.513553736768627,1.39392694183741,-0.752288102585203,-0.37216369447091,0,0.376899972699154,1.38202386401558,0.692311580229172,0.959155042253981,"R","crop",2
184,-0.240514,5.56768,0.616288788515146,-1.31343864846816,-1.29572043908951,2.31106162445234,-0.680762666701622,0.397020135511571,1,1.59130784205158,-0.179498473685687,2.19896728893332,-1.55508571532875,"U","urban",2
185,-0.816451,10.757111,0.737293507006276,0.518622622792737,0.452548474081535,-0.420914961394176,0.794600532058946,0.403881256454318,0,-0.0235185464248817,1.87871356309228,-0.796922081358892,1.00203125407343,"U","crop",1
186,-2.719455,7.258671,-0.362145427188498,1.43007945461164,0.743212590882753,0.787698674374773,-1.09383813013876,-1.7247035367922,0,-0.613757351558154,-0.57020908871197,-0.506509521015869,0.621247518413158,"R","crop",1
187,-1.091933,10.891648,0.720659973633501,0.544674143167369,0.521033699755149,1.03618500406583,-0.594820908753909,0.777881977394216,1,0.359546056483532,1.80224909297816,0.705815187214544,0.890233393407399,"U","grass",1
188,-1.600494,6.687503,0.610196889276217,-0.9713814876265,0.785436126311898,1.86580162201764,-1.25561121280831,0.829403547216187,1,1.34244430937583,0.200196403749669,2.00926685024799,0.860956176259563,"U","urban",2
189,-1.133755,5.168849,0.369718675734032,-0.731945153135158,-2.35873078767588,-0.456398708013718,NA,0.674717425211279,0,0.284778109224449,-1.39223875407443,-0.164892387194914,-1.61577890220844,"U","grass",2
190,-0.194089,5.594471,0.684561964092654,-1.12881951916381,-0.791974525827439,2.41965647936577,-0.93905749355136,1.01343931242137,1,0.123026162513545,0.340700433622434,2.12989287265174,-1.59949103141567,"U","urban",2
191,0.462498,6.632147,0.457632720420328,0.39769749099498,0.823580845514515,-0.935969443349742,-0.593210077537227,-0.293390003272782,1,0.214165545722453,-0.429714339318994,-0.334882293274966,-0.23155406317508,"U","urban",2
192,0.039726,6.279927,0.489035785830933,0.920195082564367,0.109943359693767,0.147239265115981,0.161211180198886,0.0101553077386827,0,1.08581973136222,0.121597817333433,0.209730972524195,-0.724262065697323,"U","crop",2
193,-1.101453,9.419258,0.22894304481114,-0.174605135257197,0.201583694575437,-0.947051763126771,0.628336338249201,-1.41675938520169,0,-0.258102364768457,0.658173839657443,-0.883806198814891,0.88125877061484,"R","crop",1
194,-0.981517,10.83486,0.724512037624352,-0.206517751342248,0.378315316650727,-0.564210617182203,0.29511049161818,-1.37905275300833,0,-0.0952034060571507,1.34995077250877,-0.876414591617107,0.863921614759404,"R","crop",1
195,-1.207492,10.702239,0.661441997324646,-0.0635722317882667,0.386092079095803,-1.08238202115314,1.52760914223471,-0.618144552360472,0,0.244701406116783,1.99509935432617,-0.906295398637916,0.38989689074239,"R","grass",1
196,-0.11014,5.603934,0.720969073079777,-1.01888263243255,-0.949212106527261,1.07461259222825,0.442389760096964,0.988388782955378,1,-0.731109406254604,0.422301640970581,1.77676771063541,-1.67374286359426,"R","urban",2
197,-1.724579,4.965634,0.639887400461288,-0.0231350844893054,-1.17243679574811,0.0320617434461898,-0.307208417576457,0.395730577878916,0,-0.453098279898883,-1.0113087095351,1.27168832888862,-1.08139012272019,"U","crop",2
198,-1.680057,5.914253,0.549009983901861,0.880250764306955,0.0087857047469874,0.0147677046459591,-0.618058939850523,-0.562391308300703,1,-1.48735952476723,-1.404003669969,-0.241947483469594,0.679832340493618,"U","crop",1
199,-0.22508,10.511629,0.656831309957318,0.884081175542022,0.884905320781157,-1.03106618770173,1.56853364167194,-0.965119872037032,0,0.590279775426978,1.1955872083319,-0.976535195430387,0.614998051329223,"R","crop",1
200,-2.015509,8.601915,0.169064764112473,-1.32652275508447,0.123639381523253,-1.19146558598914,2.11508234687424,0.466807599532892,0,0.492460172733422,0.148315324458328,-0.897197013290288,0.586309927103335,"R","grass",1
201,-0.260727,6.091042,0.658658586921323,-0.367151660629557,0.421714935427214,0.326635847313477,-0.710056885128014,0.653003610190044,1,0.933243834590424,0.932356229132023,1.41754035210746,-0.235073037023944,"R","urban",2
202,-1.649545,6.676619,0.0649157810656349,-1.28241274669625,0.794931622637564,1.86549465407758,-0.0281252267071927,1.06682518025696,1,1.16791509988922,-0.15537731353883,1.72970924187047,0.945149214666287,"U","urban",2
203,-0.259672,5.551625,0.0698357784588404,-1.3654599699169,-1.16866672149739,2.17396502642155,0.754823893127761,-0.264350779888771,1,0.507263955698697,-1.74390572922249,1.88636282893955,-1.53063610417954,"U","urban",2
205,-0.02901,6.08352,0.629431316774956,-0.18546676648121,0.133227838540918,-0.361851620956287,-0.143721319556815,0.778947034624595,0,0.183133225347616,-0.219272772742517,-0.467057373630522,-0.525654603360042,"U","urban",1
206,-0.727644,10.847542,0.729523923584996,0.914858790178169,0.720616358261961,-0.392810859845656,0.554974787311523,-0.516948046821458,0,0.382336990874758,1.93866157696634,-0.926148233868303,1.08596079303218,"R","crop",1
207,-0.989319,5.899373,-2.36723816298122,1.46807121100921,0.171214509908812,-0.712500919874223,0.268160807095837,-0.151268191500438,0,-0.114191250039948,-0.116661421481353,-0.202409740263052,0.0715423700591252,"U","crop",2
208,-1.025773,5.256947,0.0283678820618725,1.32041367629861,-1.80559190473503,0.114330202746968,-0.502444612218413,-0.159570607740803,0,0.665025083297246,-1.00558274824516,-0.199332108759346,-1.75025638502524,"R","crop",1
209,-2.771808,7.578461,-0.618653296866294,2.60550663787622,0.849647674119465,-0.213748672535715,-0.427623324216254,-0.537030920662154,0,-1.23897405657825,-0.588976569191673,-0.588652012280897,0.131998509650718,"U","crop",1
210,-0.908006,6.12759,-2.11105190618207,1.01676733285821,0.31017819175472,-0.110143498096278,1.28018719640627,-1.02454520630055,0,-0.432309933460322,0.528004235996243,-0.794466902899275,0.197057816382342,"U","crop",1
211,0.342165,6.740794,0.0163407037050867,0.954498421427506,0.306140140591638,0.182890154238968,0.140855884763548,0.445688374761096,0,-0.810230153536923,-0.220298645795187,-0.600495688849101,-0.253045314195816,"U","crop",1
212,-1.59365,6.693038,0.621111611114111,-0.420350147437457,0.783801103559119,1.86843986941369,-0.0615470522720959,0.853626530093136,1,0.927639823931344,0.664198110010924,1.75095361189712,0.844375239301825,"R","urban",2
213,-0.838669,9.415356,0.679601627976088,-1.22488426398554,0.397147440921982,-0.612073551300844,-0.210425935354164,0.186992635779256,0,0.300704517672163,0.732305093667395,1.5472676791901,1.157920987396,"R","urban",2
214,-1.210161,10.86813,0.686475918748786,0.0532327977085095,0.536434692461974,-1.0691417431438,1.22430873644968,0.525776761884723,0,0.212998514733127,2.1054738364191,-0.957443095932166,0.635484223636254,"U","grass",1
215,-1.261326,5.842288,-1.03873258146004,0.995970195191601,0.167547367074261,-0.92979041458487,1.16294009512277,0.610844456203252,1,0.0332968330403843,0.237104492888598,-0.804482996054275,-0.29100580523635,"U","crop",1
216,0.149707,8.054844,NA,-1.64597904292927,-0.173808894477809,-0.669889004006467,1.06568368232103,-1.01128500789397,0,-1.53827907676398,0.455028385737335,-0.899967724501155,2.06502167955155,"R","crop",1
217,1.029399,6.084476,0.314667058428249,-0.503320619894251,-1.97486273362927,0.0701240609557956,0.295701546151825,0.342352068551992,0,1.00817093780223,-0.0370299202397902,-0.180342143651163,-1.51081071579247,"R","crop",1
218,-1.813422,4.914878,0.445468010014943,-0.0848464113578291,-2.18017898426475,-1.04017717822051,0.446205938948302,-1.38116577363304,0,-1.36072499832761,-1.34838771368964,0.220387410154695,-1.00694717970556,"R","crop",2
219,-2.650605,10.305237,0.635155439227375,-1.10700780962539,0.835433172946209,-1.07860957653368,0.995013922914943,-0.0107113418607376,0,0.223376758936157,1.26964742460998,-0.905640768121132,0.542163667631437,"U","grass",1
220,-1.642316,7.750271,0.138642811993127,-0.484236594530439,0.880221417996758,-1.14243760028219,0.266226201162008,0.90625949468471,0,-0.395248065551793,-0.436285949288014,-0.881155025758355,0.996791022457995,"U","crop",1
221,-0.485131,10.928104,0.687339168626225,1.05184096475362,0.654373620288117,-0.212070233021434,-1.93181105057228,-0.00354595645133319,0,0.684719512790557,2.0091808303481,0.174418574985979,1.13211919527091,"R","crop",1
222,-2.730215,10.656033,0.639232443147242,-1.06409312991204,0.883071847232584,-0.623957626206795,-0.274356547686247,-0.0791761344736584,0,0.897908841830922,0.658042681782696,-0.903242526169794,0.159181398602388,"R","crop",1
223,-0.638268,9.903436,0.567842164116595,-0.387322603898387,0.218443271606876,-1.00096636525749,0.847422813761893,-0.555371088056575,0,0.0920337855143031,1.57409493981347,-0.903735642445278,0.750123561517453,"U","grass",1
224,-0.879396,6.363533,-4.55013306045509,1.43800527471594,0.561345283981748,-0.30151042999488,-0.320908751350947,0.0762926949788223,1,-1.09629187390805,-0.146065023086721,-0.681669188508948,-0.0962652973949042,"R","crop",1
225,-0.735323,10.761936,0.722719783788675,-0.312893673065152,0.562898801262396,-0.66875128348877,1.25436876781362,0.889615293620257,0,0.114498398363639,1.69774903727346,-0.89109526330199,1.11143237421356,"R","crop",1
226,-1.791241,5.964443,-0.0720505025459025,0.0521641964707559,0.0941970047159203,-0.181735234901694,-1.23851277340514,-0.228488686682343,1,-1.31216788866871,0.0995161096863204,0.815837755317685,0.520272716357518,"R","crop",2
227,-0.504341,10.854313,0.72740023527314,0.431510962470511,0.585199210185232,0.0772351951173439,0.894620733854965,0.219869180332812,0,0.62383689230659,1.92423981632567,-0.922040255443841,1.18996252452003,"R","crop",1
228,0.364739,5.844177,-0.29233367287235,-0.322902060110724,-1.87744687807526,-0.403920146618958,0.712124566786649,-0.331970079984348,0,-0.139282747603905,0.601491431554627,-0.681284877031858,-1.47152931902103,"U","grass",1
229,-1.384966,6.91415,-1.2587757122783,0.263151605195229,1.01131371798604,-0.558365794714465,1.10008453804852,-0.054734355494292,0,-0.515333741266934,-0.186981556239237,-0.812416902978435,0.814185966877183,"R","crop",1
230,-0.231829,11.049629,0.744017333416839,0.704886073025216,0.680774642684887,1.00557760631047,0.0420509936266066,-0.314578877062301,1,1.38248405447587,1.60992361047493,0.0106469553858734,0.465371783289898,"R","crop",2
231,-0.33625,5.551723,0.573019017389322,-0.863164732103013,-1.95270179520871,1.24432495622068,-0.352039015305903,-0.382111785032477,0,-0.140047782156005,-0.19980582507624,1.63556542431569,-1.43283765958268,"R","grass",2
232,0.759471,6.07748,0.647409261353148,0.292154179933736,-2.28818581608424,-1.11309543144905,0.236161799106404,-4.95125098875011,0,2.45960820489067,-0.00306528146691284,-0.44487748174169,-1.47746503669671,"U","crop",1
233,-0.121187,6.085881,0.439280721412666,0.391637781548763,0.228204978680182,-0.674495781521697,0.542058187890285,-0.614214821222067,0,0.09946627760161,-0.426448674184481,-0.821022049485397,-0.362960527697128,"U","crop",1
234,-1.505764,5.098472,0.566024790546696,0.492380844834349,-1.27976929053616,0.259160965883318,-0.107152722927618,0.223738634285959,0,0.0999041334890148,-0.457723959566387,0.0643288691179395,-0.910546669865057,"R","crop",1
235,-0.40788,11.056161,0.678403244583885,0.408984379811059,0.501654374956237,-0.968778428650981,1.6471388267476,0.36390179879006,0,0.707032196547637,2.44849026829988,-0.872397603472743,0.471656375571097,"R","crop",1
236,-1.678845,6.202084,0.419582477883321,1.51668941721292,0.590260891284762,-0.157829020339046,-0.927308931543635,0.846781219021142,1,-0.495503493326044,-1.49643063105656,1.62364684601273,0.234949793719348,"U","urban",2
237,-2.535703,6.319774,0.166085431793556,0.917136389156271,0.404377592625517,-0.902267098129773,0.683763642481822,0.482356033999667,0,-1.40460122538585,-0.253846107444952,-0.851342742844182,0.17420134598396,"R","crop",1
238,-1.610035,6.736091,0.62123728388408,-1.63824876815115,0.87316299972353,1.86843986941369,-0.32486863085832,0.672804785640944,0,1.55372850750996,0.636674707748533,1.43721175798435,0.862719546021522,"U","urban",2
239,-2.46875,6.186395,-0.526570489501646,0.395229253756459,0.544323274914377,0.891965164410082,0.0248092530501541,-0.0837708978403797,1,-2.85429422816331,-0.782763800576565,-0.485523347950648,-0.063514243379574,"R","crop",1
240,-1.677797,5.011082,0.616035798591501,0.575527853539737,-1.11361995297419,0.562552074539404,-0.279968627207626,-0.0530925557841725,0,-0.284642006905775,-0.123617311422674,-0.273495636920514,-1.12288470376107,"U","crop",2
241,-1.7049,7.554681,0.0745409128063441,-0.898055459298395,0.974237015748945,-0.472029557123529,-1.35778401216067,0.376994633572809,0,-0.265143289636086,0.118373868845424,0.849527467705837,0.923679614362433,"R","crop",1
242,-0.671995,5.861162,0.344598170899144,-0.216184010853982,0.173548400516146,-0.335451116421695,-0.725152871243027,0.671647935432649,1,-1.28719314544815,-0.675780222674563,0.426850055296942,-0.273232752383767,"U","urban",2
243,-0.217253,5.548626,0.559837607515992,-2.18880078907735,-1.99953368614011,2.27755377703465,-1.16935862965086,0.774145614029746,1,1.47271525765323,-0.67672428653281,1.96065329266542,-1.57890636506913,"U","urban",2
244,-1.53921,6.695189,0.65697130403065,0.190445039660474,0.812802573948137,1.73700611206575,0.0263779931237609,0.718104254957123,0,0.552240932153953,-0.252242016692123,1.27294303991343,0.731443834897754,"U","crop",2
245,-1.728542,4.944987,0.656131014358204,-0.294650768905961,-1.5702550192455,-0.377834807499297,-0.289976931874842,0.742963474688362,0,-1.86010259796079,-1.47942435842634,1.28259440609306,-1.08219741312982,"U","crop",2
246,-2.49094,10.028881,0.422551039798073,-0.665294071885965,1.02985061854809,-0.9545495998301,-4.07679595283844,0.540919544405674,0,0.328174876857247,0.67804225645636,0.469885230273764,0.784911805633807,"U","crop",1
247,-0.063037,6.260237,0.299778848689159,-0.292090209355308,0.0785718439568069,-0.876590224734584,0.78684742107889,-0.667443186295892,0,0.465854306271607,-0.0883138911608891,-0.898682203120289,-0.459190622121088,"U","crop",1
248,-0.564943,5.480611,0.650693246906321,0.785266497216671,-0.623024261727443,0.12268291419963,-0.54748085143583,0.914086336547476,0,1.28476901494304,-1.02381159607454,-0.527246985326171,-1.42622296972434,"R","crop",1
249,0.282171,7.003789,-0.630219939754031,-0.850493235300407,0.447443927657349,-0.179214548349381,-0.156674946514008,0.102239814107414,1,-1.64654234022957,0.719780608602461,-0.0792020048968303,0.566170368082689,"R","urban",2
250,-0.267984,5.565136,0.573186426127153,-1.14040292291085,-1.29995032566475,1.71021499319516,0.126157723718813,-1.17733268442298,1,0.642018228482792,-1.24714040078918,1.99224942421762,-1.52000583846249,"R","urban",2
251,-0.82873,6.089821,-2.02289454592843,0.497424428465722,0.167327973802953,0.670992743221016,-0.325881552848647,-2.83585714026579,0,0.721824170877377,-0.0663195105289615,0.0478908411353499,0.161437574479505,"U","crop",2
252,-2.513729,10.05968,0.297323485787717,-0.591723680768242,0.925548965335279,1.03209444082139,-1.39935105159585,0.343315414040241,0,0.832313977512483,-2.95331585979562,0.904160352642059,0.751206063207005,"U","crop",1
253,-1.76782,6.784825,-1.18805865310363,-0.437824520543546,0.584500467785796,-0.978695244994416,0.764635472384441,-1.16481340804314,0,-1.2452103062343,-1.12868927770676,-0.728448238887555,1.23716941847167,"U","crop",1
254,-0.620846,5.348056,0.323211121733706,-0.974659489083636,-1.38642428673779,0.905941367927855,-0.701309975466265,0.0440637532250518,0,-0.824684814500576,-1.14088645199873,0.912017659626047,-1.51690661426782,"U","grass",2
255,-0.039772,9.011417,0.630564495046557,0.44458859166505,0.486966868244254,-1.14317185669623,-0.271222209820867,-0.371260572823565,0,-0.0716737761645183,0.495182560404842,-0.916167793974765,1.06394100980306,"R","crop",1
256,-1.617852,6.603497,-0.910504342715144,-0.257409970081486,0.63040760422505,0.560542449893851,1.16666072470674,-0.332034470493832,0,0.419264291425257,-0.808449246276498,0.502648851666531,0.943726124140403,"U","crop",2
257,0.055815,6.277704,0.420400109315866,-0.427834715874197,-0.76739842150575,0.804167491463127,-0.10296937860198,-0.485828298579274,0,0.700541216820283,0.412230710037763,1.196107590696,-0.757164172501802,"R","grass",2
258,-0.11056,11.077399,0.743869022206521,1.37820785242182,0.719260695845014,-0.867792286551914,0.806742323447934,-0.346541411816713,0,0.962988497261923,1.20970085450831,-0.781237700985218,0.413729005074074,"R","crop",1
259,-1.358914,5.923917,0.104395730239236,0.503629659737457,-0.119942279216439,-0.143605946819879,-0.0703657477197835,-1.1570253450005,1,-0.482233742270745,0.11047725235164,-0.359188581511794,-0.0259095009657382,"U","crop",1
260,-0.179891,5.576186,0.660282351376548,-1.08776322776608,-1.03566527221947,1.35238538803697,-0.243911148864033,1.12419270426356,1,-1.28473754167104,0.6776882132043,2.26615651316587,-1.61198886455464,"U","urban",2
261,-1.664945,6.713187,-0.211393341396132,-1.23815965269954,0.774761809330418,1.76104224677262,0.550859626635602,1.15527167004143,1,0.390953938614029,-0.172297839935466,1.32353551738633,0.950930092862672,"R","urban",2
262,-2.889018,10.639605,0.717900853586411,-0.0688691010002205,0.812244565745732,0.485114868852683,-1.10750215870325,0.254248756470416,0,1.44682632131176,2.00064357367958,0.083503403992655,0.226290220960893,"U","crop",1
263,-0.8331,9.413032,0.694959215926621,-0.883684092103046,0.425130518584764,-0.612073551300844,0.265541823714191,0.236471260499934,0,0.503465513437274,0.743540875381818,1.54105513946277,1.17455976163004,"U","grass",2
264,-1.274291,7.474597,0.40032522865059,-0.50546143812707,0.444411517681497,-0.348574724298243,0.296591273559917,-0.193287378793073,0,0.0231613186919927,0.258104539345114,-0.743831139533382,0.728964530873994,"U","crop",1
265,-0.478091,6.204261,-1.02712717927205,0.373068489269508,0.729685031879428,-0.512161123827864,0.874596124084581,0.0731221256847957,0,-0.164471241490149,-0.524026505954683,-0.809505799066494,0.0849141158555424,"U","forest",1
267,-0.363722,6.381571,-0.485872146400744,0.994857272871524,1.45358136773057,0.407778301286244,-0.0734233062034033,0.258407851147892,0,-1.12528118340234,-0.0388944781240038,-0.0546929945844021,-0.444161581367245,"R","crop",2
268,1.060667,6.144431,0.418358612194657,-0.508472471827002,-1.30584689132694,-0.372879099058499,0.809330270969082,0.0568895510719937,0,-0.296074998678214,-0.609256622016,-0.614863969928757,-1.51081071579247,"R","grass",1
269,-0.035058,5.6311,0.723335825086131,-0.550293153661155,-2.96545239692395,0.639225746768559,0.72661865908575,-0.932294692916546,0,1.41753091286498,0.687612958297244,0.898324709951249,-1.7205976956607,"R","crop",2
270,-2.469244,5.780835,-1.42905337106162,1.20386517309197,-0.0450267959542496,-1.095090559187,0.0765708007882052,0.384685687719936,0,-1.32973053639289,-0.828081616007762,-0.848186968403928,-0.138321569621532,"U","crop",1
271,-0.238301,5.610668,0.724244715434221,-0.821540177767377,-0.989606357243354,2.21952957907155,-0.0423441067502304,0.44933155902872,1,2.70953481866601,0.935270477592578,2.01989524640795,-1.55827479504386,"R","urban",2
272,-0.893155,9.383568,-0.0537040185851847,-0.415724962422778,0.338100385763877,0.343446110956279,0.304236466997281,-0.195737004227518,1,-0.302549515146131,0.639464195225734,-0.254857968906575,1.00700313633036,"U","crop",1
273,-2.830757,5.998991,-1.50287705996971,1.30897618837473,0.322600085249319,-0.362172573732746,-0.607448928202163,-0.279521107877128,0,-0.0643354122858118,-0.647611362427345,-0.761387737100874,0.699540338839185,"R","crop",1
274,-0.707836,5.549864,0.0701155865657737,0.429723098534857,-0.347768951253296,0.551264576809094,-0.786530514627128,-0.251665281218741,1,1.20713315898878,-1.3582652287707,0.297349240807399,-1.4556478773022,"U","crop",2
275,0.191132,10.394378,0.640285555799819,-0.475831898339174,0.145565162925268,-0.773568125301941,1.09291507867756,-4.95731523921029,0,0.165083033318797,2.42367930096645,-0.947274356957609,0.50756435930961,"R","grass",1
276,0.732452,6.063825,0.627318106554997,1.06140815871627,-1.94440038855949,-0.977847849953632,-0.895161727776412,-0.252668467315868,0,2.25821148953638,-0.621694454506055,-0.808394177590243,-1.51257642391467,"R","crop",1
277,-0.45486,5.544503,0.704258475002785,-0.0573757469939228,-1.05316559856007,-1.03346012851494,-0.105192242615943,-0.529740851064291,0,-0.662115934243583,-0.563091179597936,1.15358186318242,-1.35164670568488,"U","grass",1
278,-2.977985,5.966197,-1.02913876563006,1.50684428293127,0.160642641141832,-0.902142929800133,1.53288203364283,-0.364453053709549,0,NA,-0.466732070447284,-0.879115471763683,0.708546437141647,"R","crop",1
279,-2.218726,10.296048,0.617871392412459,0.72731795397688,0.911157711077403,-1.19109460193895,0.692112715241974,-0.100866529996422,0,-0.00704247328331155,1.01774034524131,-0.90716941613063,0.438032027864829,"R","grass",1
280,-0.99375,10.355624,0.377403928531999,0.457188037434915,0.155167408274366,-1.16732892710345,1.86488659340766,0.511127847090916,0,-0.181760958052456,1.63507247829818,-0.939866509442012,-0.195376188586031,"U","crop",1
281,-2.727439,5.710898,-1.31102537893096,0.3358263418081,0.0109247394045661,-0.698586233409417,1.36440229245471,0.170934545409862,0,-0.162703767248621,-0.390986797593244,-0.871356998102144,0.307430995610839,"R","crop",1
282,-0.858898,10.793015,0.732659111722522,0.415035639843806,0.58210745806859,1.11794598635106,-0.401696967642722,0.0809869695811962,1,0.265786530624862,1.30364184292875,1.27037245325354,0.943219705743973,"R","urban",2
283,0.336546,7.310407,0.315857528805088,0.436438494156666,-0.0942858983606626,-1.04010028888648,0.707762285097889,-1.49860259067683,0,-0.866476069283629,0.0967118787897549,-0.90283143248985,0.620419136213795,"R","grass",1
284,-1.982582,7.207741,-1.26097992309469,1.72324090090732,0.95831256289474,-1.08743122934434,-0.445255101553213,-0.971233715963846,0,-0.529373778617253,-1.10564857004174,-0.710200014551576,1.0443049345714,"R","crop",1
285,-1.944856,7.389343,-0.575681206612239,-0.221151687229965,1.14323642860568,-0.664448203196493,-0.209072993507859,-0.182730687301767,0,-0.911202772961212,-0.492358279254736,0.0223889537501616,0.917218770617677,"U","crop",1
286,-2.660867,10.343155,0.618540649410733,-0.734815985318874,0.820520577929971,-1.09658789310704,0.188378078723416,-0.115005165906271,0,0.322685147897192,1.24784176817108,-0.925772720636994,0.495706155613209,"U","grass",1
287,0.30372,8.492433,0.475335506522654,0.35077090317536,0.252265302041085,0.657176462390878,1.7885724148914,0.338152611243523,0,0.409236698662527,0.223693450494143,-0.317247540613264,2.04293234589436,"R","urban",1
288,-0.080867,7.041472,0.420799433961284,0.913400276371998,0.46635627566473,0.528600445148864,-0.443747023116006,-0.0114293147706939,0,-0.171171128984875,-0.208029168566785,-0.331257189203372,0.739544857780883,"U","crop",1
289,-2.693039,10.602301,0.661314573779936,-0.949602400560575,0.888399069321443,-0.531876347053952,0.748579029787988,0.535651701083099,0,0.887211480981552,1.43355703305497,-0.868033295202564,0.0984932726592075,"R","crop",1
290,-1.268952,6.146214,-1.15487462473883,0.20057750225206,0.295875017813394,-0.993607629900187,-0.727215849622953,0.0716324123308301,0,-0.000160443018352831,0.486012932093992,-0.841609221622606,0.114030760127219,"U","forest",1
291,-2.882,5.058389,-1.973950174997,-0.702802203585795,-2.27269969437671,1.08867300161696,0.388840527541406,-0.270743571420906,0,-0.379046883447396,-0.981744276261101,-0.270498246895868,-0.245718057977003,"U","crop",2
292,-2.115247,5.443927,-1.12906813659406,0.0177476156431143,-0.613996607606553,-1.01674610035883,0.470735674569085,-0.159433394655463,0,-0.889603434716154,-0.355198393155572,-0.540996047824494,-0.182076713103111,"R","forest",2
293,-2.574573,5.080489,-3.37242154605477,1.07844050326257,-1.51441605205709,-0.781744688160535,-0.241250392186869,-0.278763004060011,0,-0.336970789663417,-0.794875829867113,-0.79840781133465,-0.514578609515351,"R","forest",1
294,-0.795294,6.589175,-0.0917659958413425,0.36400928329438,1.20633196744838,-1.12402815311361,0.437354331288915,-0.584454188552899,0,-1.23304289559206,-0.283027002161839,-0.786498269550376,-0.109506779623883,"U","forest",2
295,-1.362952,5.102428,0.128674163033015,-0.111896669309632,-1.77465374947783,-0.184767031622523,0.509418776235723,-0.244126902267947,1,-0.0434077019162019,-0.623401250296755,0.022538769356287,-1.01469648427061,"R","urban",2
296,-2.508054,10.06488,0.403213369464468,-0.848960034084681,0.953054827090124,1.02446502080842,-1.63325540883907,0.212366665555056,0,0.844101019917235,-1.32762720548267,1.32792263412108,0.77277664297672,"R","grass",1
297,0.423473,8.270915,0.27605298386244,0.833327930611903,0.573259129349525,-1.05640852998849,1.72266618360463,0.180308447255353,0,-0.396901757821113,0.16301077494482,-0.934704758247168,1.54139603345079,"R","crop",1
298,-0.215002,9.925924,0.266991358397055,0.222301365043193,0.460174605073894,1.30030702298619,-0.53857400722726,-1.88104663049232,0,1.18330026229657,0.975761585832755,0.00755306594836027,0.943342868604495,"R","grass",2
299,0.376907,9.294792,0.454273172419048,-0.70690913702293,0.428428403269028,1.00154157615857,-2.9626909437044,0.331321175711815,1,-0.460439187275656,0.0730754969106697,0.179568251210295,0.812470943494684,"U","crop",2
300,-1.068575,5.274052,0.411513232877329,1.34645239219176,-1.01310359430438,-0.743629126548556,1.12506036313046,0.765746786060969,0,0.709553007228823,-1.38689653655919,-0.81775480930156,-1.71559042058496,"R","crop",1
301,-0.725729,5.501529,0.374202656430976,1.40720759709695,-0.536561824841554,-0.860893049398117,-0.127353727288351,0.388425712738513,0,1.32080960599311,-1.66683302048466,-0.58395977187887,-1.58919782128413,"U","crop",1
302,-2.893164,6.873475,-1.15772744122644,-0.160689035217899,0.492440377167021,-1.0236477359377,0.936746542272338,-0.954093312534828,0,-1.58444397154946,0.0862229791478616,-0.873412068914253,0.149033447725195,"U","crop",1
303,-0.857371,10.775555,0.733580889109817,0.209459382628531,0.447488216602898,0.989973688099649,-1.16632905869084,-0.602840053466056,0,-0.0136031796258815,1.23469919662881,0.559357415409903,0.944621006485256,"R","crop",2
304,-1.690115,6.684749,-0.254314456269404,-0.530006292425394,0.69927206460559,1.4412249802568,-1.05101833222635,1.23203306213815,0,0.835543284892561,-0.136403289269336,1.18670335840509,0.958899427698936,"R","crop",2
305,-0.976951,5.411852,0.383281511123376,1.02591466863922,-0.338016459268887,0.477330523214434,-1.2714850752445,0.852000626817947,0,-0.155308212678702,-1.51455123267314,-0.160872722931474,-1.54863093356599,"R","crop",1
306,-1.58225,6.713354,0.658613890082612,-1.11312698787306,0.818523726017771,1.8488398366371,0.892893939269788,0.914287615150485,1,1.78821431621403,0.658177870744106,0.922108353045632,0.816498411787708,"U","crop",2
307,-1.552651,5.602788,0.0888530833247227,1.33302093477586,-0.469779511472897,-0.486583180322736,-0.720300590019118,-0.434724429726543,0,-0.452155853833594,-0.443835734337029,-0.22195115716166,0.845605020839731,"U","crop",1
308,-0.98247,5.212687,-0.838021141680509,0.0373811242402709,-2.16588425526688,0.436794581995536,1.41580084690232,0.182922332982068,1,0.0525769291033868,-1.19001868629186,-0.802314957750664,-1.78492234946551,"U","crop",1
309,-0.829281,9.378788,0.559076992393851,-0.240394124868332,0.356051675963734,-0.606159334001224,0.0557222814184822,0.695727842046977,0,-0.211128335719959,0.974439675417393,0.355958015718324,1.17382879162365,"U","crop",2
310,-2.698749,10.852057,0.70737212258039,-0.754311896511201,0.906541577676331,-0.99452761023044,0.537462280253217,0.653173165507786,0,0.684971626395245,1.45264133931809,-0.90155481418304,0.193785523276872,"R","crop",1
311,-1.209805,5.129718,0.558626611032351,-0.427713874253568,-1.20176726602788,0.845413993261484,0.2496831589777,0.169433515617716,1,0.0397713613054186,-0.367126072707381,0.954426934559257,-1.39098224376183,"R","urban",2
312,-0.335856,10.947618,0.734020128688665,0.436088770248703,0.546908799481029,-0.754187776429425,0.880207060861492,-0.231109887226015,0,0.516335941119688,1.41034726349582,-0.896922479345911,0.73084188747497,"U","crop",1
313,0.516634,7.826809,-2.18276534328357,0.645512420972166,0.62123804411593,-0.806599463528164,-0.0215945540483305,0.496363553806061,0,-0.0133898725137192,-1.6550896790724,-0.897648909868373,0.900100113060239,"R","grass",1
314,-2.487439,9.877947,0.128693166600875,-1.53279370322751,0.975064115380878,-1.06652099064379,0.867356118465816,0.370539867716567,0,-0.173595763095299,-0.216692031257142,-0.891810541928807,0.233726951974145,"U","grass",1
315,-2.322997,6.449571,-0.169786043549075,0.892837983525253,0.666139435803672,-0.0523175626373961,-4.82050994318981,0.751902484229777,0,-1.87449428896435,-0.527783468187416,0.715175735852907,0.634408641042059,"R","urban",2
316,-0.177975,5.678378,0.687327592482095,-0.715020982773159,-0.480004581689399,0.0763864603122482,-0.462586393546856,1.16326089308171,0,NA,0.993072344771877,1.74127662300767,-1.4687964641934,"U","urban",2
317,0.4043,7.421194,-0.954093952083335,1.07557519532747,0.201500372582217,-0.741375099818051,0.516175071060859,-2.12084458658715,0,-1.09094906110359,-0.865647352186752,-0.7937401586562,0.641553923376731,"R","crop",1
318,-1.089189,10.900289,0.720170837157768,0.623651834634665,0.546332216035542,0.814424077657015,-0.658124435647736,0.87828239694985,1,0.575508757097016,2.04665734483284,0.774462276235061,0.901101746724315,"U","crop",1
319,0.061775,9.151255,0.476777512366308,-0.819139963852422,0.492330317956519,-0.944559321684269,1.22239594488304,0.515800488058615,0,0.0918502413910233,0.39572248792351,-0.939890595443582,1.27227575905317,"U","grass",1
320,-0.945699,7.861022,0.180979375489735,0.0454166111797214,0.163798097830042,-1.15148686799503,0.23891367911354,0.0691692372553707,0,-0.462956526274929,0.880432374655431,-0.87459915791899,1.61383102440751,"R","grass",1
321,-1.335845,5.26472,0.487323917293284,2.07245081465479,-0.437722003454361,-0.13948514735886,0.470304675023937,0.419702267946476,0,NA,-1.62793310836967,-0.416032753427055,-1.03838829647356,"U","crop",1
322,-1.225796,5.115427,0.567354198047772,-0.56990084837888,-1.47925636879786,0.338106298876445,-1.11470409327253,0.595159656631897,1,0.00218704174948748,-0.0994498517448834,1.11806380271004,-1.34174046345452,"R","crop",2
323,-0.841807,10.766683,0.736931063638657,0.722452442948038,0.423773725647234,0.0602172702057928,0.0701032646343696,-0.578349951227592,0,-0.0885636081985906,1.6393216779843,-0.539275499803782,0.96463108997686,"R","crop",2
324,0.583766,6.28701,0.528258167399185,0.767380751618275,-0.319762876407121,-0.915724326196549,-0.0538860887926363,-0.884578188124531,0,1.82458711449023,0.274852271777745,-0.84817491021468,-1.00749967310141,"U","grass",1
325,-0.244404,5.535298,-0.385518836828407,-1.79007142139817,-1.53585002230157,2.33815082182904,0.902202248225128,0.299350046908759,1,0.0843322312857967,-1.00951958611705,1.95422075662182,-1.54977058247022,"U","urban",2
326,-0.928049,6.738166,-0.81481350905048,0.05365158611151,1.09089478787002,-0.963615235339373,1.81988191003995,-0.147017058302414,0,-0.72708233575295,0.532742931664446,-0.867373749649851,0.205894180173317,"R","crop",1
327,0.505151,6.106798,0.518344384803442,-0.552945679195079,-1.54812691614389,-0.688591941068369,-0.845955616986266,-0.609646963778013,0,1.55910280323755,0.611300016951915,-0.837061133813241,-1.2412815879063,"R","grass",1
328,-1.735592,8.065865,-0.126261871117755,-0.225900489927941,1.07385429482982,0.602840138733764,-0.943240201154226,0.193775731062481,1,-0.226097399094614,-0.180247465098308,-0.164603302821486,1.28433454550913,"U","crop",2
329,-0.368014,10.485456,0.65792550743898,0.526719915166836,0.956721955995364,-1.13803703537636,0.413121147808661,-0.272101575493173,0,1.3231176090778,0.934998457825326,-0.926174316149034,0.613338296604278,"R","crop",1
330,-2.339623,7.327093,-0.657103125676709,-0.749093956668273,0.850627643345939,-0.638519003565379,-0.72922820029855,0.639155408581997,0,-0.573156541177223,-0.218796213235161,0.589436032690734,1.25553059967779,"R","crop",2
331,-0.258095,5.548993,-0.0472129411140083,-1.25334264445212,-1.18933380518883,2.24472103050726,0.812483525202736,-0.172171156203146,1,0.306398374640223,-1.64078516880804,1.8602972294533,-1.53276215732295,"U","urban",2
332,-0.078959,5.615306,0.716157494490994,-1.35535735394156,-1.40049798717,1.37225649439563,-0.173136874183327,0.612775890427669,1,1.36441430831886,0.0238422783870349,1.99545334910666,-1.7009440298379,"U","urban",2
333,-2.584876,6.401304,-0.505574357482973,0.544065419866401,0.487996428209824,-0.495326285085185,-0.237173097520702,0.468798508730565,0,-1.77535272766765,-1.25224739995359,-0.801274204283502,0.351160738390729,"U","urban",1
334,-0.120333,6.221854,0.514380151539063,1.04504987163673,0.400842985341425,-1.03507441467315,0.0454749515898475,-0.199735003696625,0,0.726154763142225,0.0894255320577479,-0.909922229222196,-0.283497699712043,"U","grass",1
335,1.025489,6.090417,0.305690870353875,-0.336641927234532,-1.8935587565844,-0.515118846528213,0.623971426213897,0.489440317149212,1,1.06152845525914,-0.20149074123305,-0.576099367741878,-1.51081071579247,"U","crop",1
336,-0.272668,6.099655,0.601827767461083,-0.434138218434618,0.457814601381245,1.83619045668182,-0.641764643738343,0.54042454848731,1,1.1519811889657,0.445453791113372,0.955707599021796,-0.191713854457217,"U","urban",2
337,-2.723843,10.221559,0.0936670231415446,-0.675737538316193,0.74759966263713,-1.03114478197678,0.0218482972639447,-0.794810587026641,0,-0.483463841581323,1.27721639765261,-0.897018392626122,0.55412194802835,"R","crop",1
338,0.10949,5.710118,0.634630436956579,-1.192483236974,-1.7000375103105,0.369395282501678,-1.12154367588682,0.365485737030022,0,2.94546413207381,0.367517595520631,0.595249834307931,-1.47422195469466,"U","urban",1
339,-2.573745,7.318089,-0.812406101948267,1.44224017207339,0.828556322188551,-1.08054635945172,-0.393541757318876,-1.20041449870148,0,-1.45658522624555,-0.924619239744709,-0.871183025934017,0.796308796014892,"U","crop",1
340,0.885884,5.85096,-3.2932139801903,-2.76599627827846,-3.85486178607082,0.113274809146862,1.41325118569458,-4.9631855011195,0,-0.942482785742565,0.670104564444987,-0.358399640543068,-1.80921346482484,"R","grass",1
341,-0.208519,5.540705,0.647830309483169,-2.35217097367538,-1.68727844105993,2.43265645145724,-0.51993863287176,0.869523411642602,1,0.793615448230809,-1.24458374498619,2.1105540874496,-1.58625803162147,"U","urban",2
342,-2.108619,5.817853,0.263804057851939,0.757157009630108,-0.132071793030776,-0.924609354366891,0.579871162398995,0.468391222460736,0,-0.924070027173525,-0.543376607806864,-0.849873437779426,0.729991347243384,"R","crop",1
343,-0.274369,10.945918,0.74587932635983,0.423290596696026,0.605912076916075,-0.0992399616330559,0.715304228771257,0.369634223211894,0,0.632523416312635,1.54227867998317,-0.947523104139125,0.655220758189921,"R","crop",1
344,-1.765307,10.135949,0.644007182360178,-1.20836289382353,0.546864055608615,-1.14941295537655,-0.140449040594041,-0.627250961497556,0,-0.294423837116636,0.337514318767173,-0.903881844648015,0.825707055914712,"U","grass",1
345,0.254829,7.478531,NA,-3.55480948301526,-0.274208824424635,0.100637166330672,1.51428399308372,-0.477839094425909,0,-1.46383533788409,0.25513416897647,-0.927640843876618,0.832889721324564,"R","forest",1
346,-0.706952,5.523954,0.319949996087998,0.532900260545174,-0.43214876642907,1.38211535929645,-1.34192134730672,-0.56425179903871,0,1.57221907263936,-0.87191068012758,0.57633369404357,-1.51495663248193,"R","urban",2
348,-0.237462,6.083868,0.689726447837796,0.209582264818151,1.06665187667418,-0.248307846182171,0.353050575570374,0.568494890028011,0,0.583108108166507,0.525531884167062,0.230805308147893,-0.288038071550171,"R","crop",2
349,-0.930594,5.307982,0.71414277457684,1.15167855803278,-0.971957365358079,-0.0880339147770883,0.220276276850589,0.0878074428249912,0,-0.434136097005332,-0.660743979840716,-0.831310947712926,-1.79908440408834,"R","crop",1
350,-2.43959,9.515618,-0.360989352630708,0.297269099691484,0.851040406059135,-1.14995757267454,0.790037124110478,0.924249727526616,0,0.0799658305023318,0.66316215892903,-0.878900246018735,-0.0393480986838729,"U","grass",1
351,-2.559438,10.954949,0.706814829388759,-1.16042618231105,0.984533531637979,-1.07546537838958,0.574367499166426,0.574298755709229,0,1.05033014275923,1.32029353439869,-0.901056914767198,0.21686986216583,"R","crop",1
352,-1.653697,6.941448,-2.09470634711306,0.178320811370398,0.798299929792165,-1.10752275161682,0.657502270329696,-0.483305605639334,0,0.737791119735436,-0.103579064778883,-0.515451237989668,0.797221196704514,"U","crop",1
353,0.468026,6.977575,0.175703077579732,0.347681125530599,0.433874567962929,-0.943809234001598,0.571635096700442,-0.378179907253379,0,-0.594536285969594,0.0203626415243076,-0.885087108790102,0.219459005449729,"R","crop",1
354,-0.032469,5.701733,0.70923502034692,-1.83915297360135,-1.19323148553949,0.363174750132662,-0.0245260573155579,0.97822368760838,1,1.04583313481561,0.597006367719072,1.58738894211456,-1.51031423813812,"R","urban",2
355,-0.106487,10.828064,0.733850794997437,0.815686673945944,0.73876652234764,-0.615813782419719,0.434649962763086,0.0760937795015469,0,0.833966359402318,1.96932137796211,-0.821608719284473,0.811477373210423,"R","crop",1
356,-1.596987,6.632885,0.0978143925332058,0.507789481919394,0.712053087658621,1.65466066551335,0.503984043089023,-0.0223054777141731,0,0.859361778294497,-0.182749637142636,1.05087720127442,0.891277505475724,"R","grass",2
357,-2.853126,7.64804,-0.162366005034424,1.94592170075297,0.936925872690165,-1.07311319144765,1.43436727899352,0.5078404184966,0,-0.83554132324206,-0.537628835716398,-0.899983673543013,-0.152680506231603,"R","crop",1
358,-1.6257,6.716737,0.590691715670261,-0.181932732834779,0.862145169351219,1.86843986941369,-1.00426785916965,0.947175704301711,1,1.09892999706615,0.0326287445507935,1.67249906714717,0.899145239757684,"U","urban",2
359,-2.00342,5.565112,-3.47527918099639,0.605254629913668,-0.24580552189242,0.52182308581389,-0.224297854717078,0.686728795643957,0,-0.175277816481661,-0.882552088248305,0.280500577792747,0.561124033269271,"R","crop",1
360,-0.808439,10.33815,0.696905831052626,-0.355936219324586,0.521918658251843,0.0311361758142572,-0.302232191790424,0.777098018991905,0,0.34765884120243,1.4774163769075,-0.368099420603194,0.0693971390215371,"U","crop",2
361,-0.296541,5.625009,0.69690262276313,-0.440362613474442,-0.273653721585812,0.724287167990038,1.15828923904823,0.256359741518024,0,2.55008694430511,0.0443666521808435,1.55982934788064,-1.48386293502452,"R","crop",2
362,-1.618833,6.690752,0.585440994658479,-1.29574042744156,0.802053300290622,1.51433938798925,-1.52229886605808,0.967537577033476,1,1.8660077960995,-0.0518295063829959,2.18225947928413,0.896465219228731,"U","urban",2
363,-1.449998,5.125878,0.406227450264837,2.33141766459095,-1.14952767863607,0.0650510309789638,0.100726949390951,0.359168002948815,0,0.217448294473906,-0.180063038576131,-0.744377238261788,-0.832422943323735,"R","crop",1
364,-0.363479,6.05569,-0.0345097144558772,1.05396754370831,0.502963846790374,-0.0694235070876897,0.796704041340134,0.715135074572278,0,0.300880691828783,-1.05810977796997,-0.825060827929857,-0.172680155154356,"U","crop",1
365,-0.137746,7.06321,0.42765542550126,1.04583037428539,0.328843707895113,-1.03815633268459,-0.899457086687626,-0.0213818646804279,0,-0.266679795834755,-0.958859197718803,-0.912075285466619,0.803105316413598,"U","crop",1
366,-0.035525,5.655886,0.722668387636668,-1.11083997425415,-2.22656997725895,1.2352846675241,0.214298072819975,0.320970747128071,1,1.04583313481561,0.930642929725867,1.40852801164396,-1.64166076347563,"U","urban",2
367,-0.981075,10.894036,0.706295600768834,0.31662214529958,0.497510902226348,-0.0337963796743855,1.51683651261956,0.393361862453718,0,0.296502398388769,2.23098436682543,-0.881681288408593,0.908888428946093,"R","crop",1
368,-0.244427,11.063808,0.744386258184345,0.571028341239794,0.713958316401013,1.61113184950654,-2.02110703658951,0.192103426023455,1,1.2459836431681,1.60526240542508,0.374653864637352,0.446002969536034,"R","urban",2
369,0.793324,6.125332,0.652725108475887,0.790207341501385,-0.882356136045242,0.178837044637565,-0.979230731665547,0.596990062220801,1,1.62897838379287,-0.314429706244199,0.634997081825233,-1.36494889096513,"R","urban",2
370,-1.511561,6.292803,-1.30538993594457,0.910513348045573,0.742980663818255,-0.122253583533261,0.109946624922605,0.443064569559784,0,0.266987590725163,-1.623573739169,-0.458480997498634,0.136043458624715,"U","crop",1
371,-1.721979,4.929656,0.644058530435005,-2.84281070061883,-2.10521111619931,-0.434792206426081,-4.82050994318981,0.821786762126365,1,-2.15463965581146,-1.25977352226341,1.70262150275848,-1.07897276438954,"R","grass",2
372,-0.539465,5.80303,0.391097256704306,0.451609342497022,0.12081003578731,-0.521279169469687,0.438138394519989,0.297243610944346,0,-0.268965402029655,-0.807456651887893,-0.79100355631966,-0.515849394506831,"U","crop",1
373,-0.247692,5.58912,0.711575704448499,-1.44333069113696,-0.819346812348611,2.31192123359716,0.202415373089271,0.244227067275509,1,1.43207509619052,0.304734148883841,1.85197512675898,-1.5455184761834,"U","urban",2
374,-2.62961,5.001826,-5.43883029955187,-1.2767927195528,-2.11103653811806,-0.146280207741623,0.299825891804162,0.163249360533691,0,-0.062590722863022,-0.940749415291397,-0.761051142376171,-0.459076270834688,"R","forest",1
375,-0.171512,5.628638,0.708399555145187,-0.982131983684279,-0.632122150140702,0.105479360496266,-0.376846767399886,1.1819108711686,1,NA,0.796471367640223,2.18520184939404,-1.61934053110698,"U","urban",2
376,-0.142805,9.578506,0.235188021457773,-0.19110777019686,0.595216071470358,-1.13855403261243,1.77437248146487,0.747934482812201,0,0.459234426763385,0.161278877222159,-0.912270030418263,1.14530617348602,"R","grass",1
377,-0.236346,8.0112,0.329932363214774,0.0754482392349233,-0.233154746230867,-1.18348522838666,1.35011843693846,-4.9631855011195,0,-2.39107190811857,0.799601501578771,-0.914427954216465,1.53039868245841,"U","crop",NA
378,-0.476786,6.320957,-1.41504286289291,-0.297151954837269,0.580071721935134,-1.12651148272398,-0.425444443429351,-0.714381015468814,0,0.2074353632684,0.615924052253562,-0.663891548982752,-0.357111248947313,"R","crop",1
379,-0.247119,5.613564,0.733698953914523,-1.48873187356758,-0.854224150909911,1.90272939286418,0.330377608774676,0.232847139226153,1,2.70953481866602,0.929032950748554,1.95169173013173,-1.54658150275511,"U","urban",2
380,-1.616928,6.672275,0.562006938238938,-0.91739667567802,0.76694625927846,1.77826469422612,-0.450471516469773,0.821598126350308,1,2.07456974945585,0.302259627866757,1.7313937446295,0.903225565456935,"R","urban",2
381,-2.231289,5.090064,-4.47413375377882,1.97921702375457,-0.851613424945748,-1.13475739215224,-1.05529768057487,-0.275747356582354,0,NA,-0.573720018489877,-0.884006442357472,-1.21117552375053,"R","crop",1
382,-0.289417,5.637878,0.67811123164467,0.163376359741443,-0.146327378478925,0.940939597985108,0.947842096245264,0.150509117791341,0,2.65881617130019,0.206178701005056,1.4552587046697,-1.48993557025229,"R","crop",2
383,-2.287511,6.435504,0.408340672949501,0.63629173982607,0.528212947921134,-0.641917029815258,0.568868765266331,0.637050639977526,0,-2.95413048805873,-0.608821768956327,-0.662593178172289,0.614474343745981,"U","crop",1
384,-1.613815,6.743006,0.557129049183448,-1.68463790772389,0.892845265418267,1.83877504983835,-0.85809427328107,0.588793640484887,0,1.80803829764012,0.602011029584274,1.45609945799919,0.867710826073113,"U","grass",2
385,-1.459368,6.644632,-1.38934643965047,1.93416615861813,0.774030550226537,-0.39089861678371,-0.17806888698609,0.156269204673736,0,-0.366118484156897,-0.697238036028014,-0.536381301438249,0.642218642719129,"R","crop",1
386,-1.942044,6.429612,-0.160084380246258,1.08910726000339,0.55689081163761,-1.05391812979662,-0.0764788317539876,0.927771943169088,0,0.181497603046845,-1.62551249218763,-0.847962416399816,0.406716963995767,"U","crop",1
387,-0.471637,5.512898,0.688959656294229,0.105574764527246,-0.73104033423919,0.042302497664606,-0.0363925701592329,0.254030794315279,0,-0.662115934243599,-1.00048701404566,0.946810386831668,-1.36536920305995,"R","grass",1
388,-0.508271,5.400221,0.488700808516912,-0.0707821722740123,-0.442628193841598,-0.602189655022783,0.135876080813309,1.04303713998212,0,-0.308600124403132,-0.736478951662355,-0.634919871122365,-1.45244552822438,"U","crop",1
389,-0.824637,5.45208,0.582409313490372,0.373657327507581,-0.534489270446317,-0.72279226569831,1.0160498920745,0.804302637002315,0,0.0781970100386187,-1.07965023831106,-0.832246492574685,-1.71041694237002,"R","crop",1
390,-2.310962,7.348619,-0.199775674670209,-0.557557941566594,0.866163491297868,0.326426809225683,-0.568238751737244,0.751917875011984,0,-0.559425705324438,0.0152205603377325,0.706197264410907,1.25007089110725,"R","crop",2
391,-2.496315,10.048304,0.448749542216291,-0.42672528432665,0.982157302361804,0.713780668009015,-2.28342848515652,0.588060763855156,0,0.368139379730392,-0.712192899860802,0.964851924552166,0.792662834042558,"U","crop",1
392,-1.984199,10.876137,-0.299876065726734,0.351081215481769,0.94000807325542,1.05468653991337,-1.09663012317243,0.409516020616666,0,0.56242547486907,0.93330705050738,-0.104071861241913,-0.244604859144542,"U","urban",1
393,-1.888514,4.972451,-0.090846539815909,1.25342405208053,-1.00199831240848,0.527052100940755,0.341303484339045,0.0748413250802147,0,0.161363864802443,-0.374498961175443,0.0904009054842779,-0.991738720317603,"R","crop",1
394,-1.924572,5.042225,-1.54497860980032,0.864502782309781,-0.644372022475976,-0.288537265078567,0.00172599444249934,-4.9505062866132,0,0.21589350996379,-1.04163304352151,-0.721111625513342,-0.985008547253436,"U","forest",1
395,-0.225328,5.656948,0.702485847580167,-0.783585573472635,-0.889397190655583,0.895837010103624,0.790734592690405,0.768047673931544,0,-0.00725463315351523,0.581090367199659,1.57560539928929,-1.50279347175259,"U","grass",2
396,-1.252088,6.886844,-1.58645150058854,0.187713772599842,1.06900718703794,0.790463668586153,-0.117185387372917,0.355599832895819,0,-0.50694921043366,-1.17396811444506,-0.287980722930341,0.842201783256255,"U","crop",1
397,0.933672,5.798733,NA,-1.53313877107868,-2.87907322841452,-0.000169562598083143,-0.404581639052838,0.0897786249977043,0,0.127314839899292,-0.0117803412413084,-0.445429103504044,NA,"U","grass",2
398,-0.67478,5.649393,-0.0496543174125859,0.947205168956794,-0.0166668349255994,0.0621403671792759,1.06810750270124,0.754429802397476,0,-0.52350844966425,-0.940770555427085,-0.771916962290987,-1.20682775786985,"R","crop",1
399,0.695908,6.529877,0.538288789985573,0.492812422865552,-0.394708888599432,-0.949791597490841,0.155442532459465,-0.453816068060979,0,-0.750892382402394,-1.0341256627334,-0.713797756790688,-0.0906819158502752,"U","crop",1
400,-2.141203,5.422805,-1.48614723338386,0.0422507850673922,-0.15405625391306,0.27162987510708,0.307000043433494,-0.0927982445623551,0,-0.505659275924502,-0.399516819741674,0.0206274937832581,-0.269884692697579,"U","forest",2
401,-0.783099,8.130599,0.390292292739587,0.167856610953361,-0.106118018042855,0.593473504850722,-1.38164089272959,-0.0779608517742078,0,-0.912497294414734,2.53900787176867,-0.699635679514577,1.70576386348218,"U","crop",1
402,-0.858264,10.784772,0.733231669535547,-0.0820099235974878,0.521172781261306,1.05862644140504,-1.05395057510944,-0.152686271945686,0,0.21440068884197,1.40873383254965,1.14872983051998,0.943882104545805,"R","urban",2
403,-0.424216,6.573411,0.247664630775879,0.320363303447255,1.37207126091455,-1.01423161527971,1.63744131248995,0.751284651571548,0,-0.0602604972404485,-0.583065214120443,-0.955838453971889,-0.512271222806679,"R","crop",1
404,-0.304783,5.574962,0.686984059556779,-0.779503617474012,-1.11063001999818,0.821952521870505,0.295197635597913,-0.0010408837113374,1,0.0214988836712058,0.00330613399707404,1.68135978059829,-1.47323266930747,"U","crop",2
405,-1.661488,6.71204,-0.109908509905352,-1.36849442526774,0.78373844068051,1.81673742589537,0.531005459121839,1.14280329091432,1,0.289428304739723,-0.123268568126861,1.39745493116403,0.947601565873032,"U","crop",2
406,-0.881386,9.600385,0.273133324494681,-0.917441563462708,0.25732952626004,-0.219046541278332,0.353706855724298,-1.00487589254959,1,-0.523946856678379,1.97737730883546,-0.847081037742293,0.912977801366828,"U","crop",1
407,-0.048887,8.172638,0.58506131704502,0.508417147801388,0.27461470675751,-0.950275024089797,0.305276115419397,0.318514120101887,0,0.160741297592062,-0.367011915295391,-0.92236500629717,1.56690948889738,"R","grass",1
408,-1.932302,7.798392,0.0562136261691788,-0.116472779054435,1.30679545487145,-0.866512223842233,0.562010955891419,0.494181811220636,0,-0.4479491899588,-1.27909121828559,-0.874855193622122,0.919510474958135,"U","crop",1
409,0.487792,6.615065,0.508336756605814,0.0309671007631563,0.265877291673427,-0.38773576127362,-0.85296235170381,0.46898123171503,0,0.741030010445182,-0.0534813538146817,1.48249432443324,-0.207325214779455,"U","crop",2
410,0.484457,7.150478,0.0829718745991843,0.0179306125594083,0.442300878905599,-0.042991807570386,-1.08763927037161,-0.128543531860736,0,0.489145250374416,0.110868671869225,0.639678536641961,0.32829157434695,"R","urban",2
411,-0.773147,6.544403,-1.64265030302195,0.746087716532778,0.7098978737155,-0.104504845135436,-0.818243685310768,0.218167811552315,0,-0.435127039305215,0.456717664186172,0.192416625968521,-0.213634954250894,"U","urban",2
412,0.494265,6.632395,0.603598270502266,0.0241132833648447,0.384251697828017,-0.131309108105273,0.109103438396714,0.30980965283445,0,0.393269106158522,-0.0327278433660611,0.280869157793704,-0.206177133800023,"R","crop",2
413,-2.578637,10.492806,0.559718406102902,-1.19758234395998,0.894799207027117,-0.969327206062101,1.00848678209416,-0.368502250897893,0,0.160791236142915,1.21431152998653,-0.911240211204343,0.211187326950129,"R","grass",1
414,-0.870368,9.449875,0.199160270750835,-0.419211799037092,0.388547316804872,0.744186114356781,-0.935403780997336,-3.1019431289618,1,0.476467868891288,0.307487723972815,0.299486536445024,1.06064943612514,"U","crop",2
415,-2.715859,9.772651,0.706765509933248,-1.02294787168586,0.833566142078926,-1.11860879834142,0.782577230187512,0.549975647828549,0,-0.280806345033666,0.901589305167942,-0.882205322020493,0.057365794428339,"U","grass",1
416,-2.511215,6.786233,-1.43149982874159,1.18805392712817,0.462143962881301,-0.580597149210842,-0.158493658443491,-0.558847028057034,0,-1.05149292408091,-4.24405245080065,-0.29796528303208,0.545880222068633,"U","crop",2
417,0.319177,9.207583,0.364404461117445,-0.193333444802115,0.364285789063844,-0.959113628842273,-0.130782347516712,0.694948967374734,0,-0.442917310621467,0.112764377133639,-0.986894737422989,0.91406732575125,"R","crop",1
418,-1.202616,7.551716,0.403116626714735,0.282085565694583,0.423419646224707,0.978405871765177,-0.587318824926288,-0.442082490320444,1,0.191105173928055,0.424134990932128,-0.729997715951822,0.66970229172477,"U","crop",1
419,-1.656943,6.81362,-0.161946541602531,-0.763195869869312,0.826002904158018,0.187228436825216,-0.613825088231844,-0.0230725405663187,0,-1.06249183531673,-0.814734252862792,0.0583421529374478,0.940659012708106,"R","crop",1
420,-1.477289,5.272675,0.224283971854509,1.46077367410071,-0.318615251396581,-0.176426477990787,-0.0613943371714055,-1.54793640338679,0,0.238293204907728,-1.48569548494356,-0.571209346546332,-0.533776905127595,"U","forest",1
421,-1.617306,6.699837,0.596543116826351,-1.46697013383765,0.828364293077767,1.765025515708,-0.154462003253111,1.00879200878654,1,1.36655026582316,0.0667147566426435,2.12997019818764,0.889125228792018,"R","urban",2
422,-1.942897,10.582851,0.592898509094769,0.150436742190788,0.940892162365748,-1.09947078276556,-0.428119927066992,-0.268583139434368,1,0.673778468697116,0.906986177330754,-0.914374868047629,-0.15857157198748,"U","crop",1
423,-0.952127,6.493993,-2.65045258282947,-0.19917354662067,0.627765787421181,-0.941270385524612,0.864580398390344,0.337109587111779,1,-1.18156297178665,-0.218163641698535,-0.872554075052124,-0.00865085339457235,"R","crop",1
424,0.513165,6.896419,-4.22463795177142,1.19882885004874,1.78535499885399,-0.808124151611584,1.20460327481511,0.226546049012604,1,-0.536473883763249,-0.633467467602761,-0.92334792816926,0.160131957994422,"R","crop",1
425,-1.585132,6.653406,0.654702028183697,-0.746117447248194,0.775362889497179,1.86843986941369,-0.417531776851984,0.179689277761946,0,0.526870975415946,0.373795314338749,1.50393026116615,0.856293398748263,"U","urban",2
426,-2.484954,10.056925,0.470298407439691,0.189509901351372,1.01453655611722,0.468733145855472,-0.67002363771407,0.49721867620501,1,0.433429326085708,-0.741519400882775,0.597106172020758,0.836878370794549,"R","crop",1
427,-1.045247,5.907477,0.0106951175676829,1.39378124762151,0.0788749115190377,0.192723611490398,-0.72116483512145,-0.772947567594872,0,-0.414023618516652,0.474120797814975,-0.638812243848479,0.0403472903214612,"R","crop",1
