"DHSCLUST","LONGNUM","LATNUM","ALT","EVI","LSTD","LSTN","NLIGHT","POPDEN","RDIST","RFALL","WDIST","URBAN_RURA","GRUMP","LCType"
1,8.002321,6.732517,-0.404826103190698,0.383423473775808,-0.127241827768308,1.22579686430938,-0.877833920491156,-0.345779120549361,1.00924437582469,0.131950942178536,0.724173737027447,"R",1,"crop"
2,8.657348,7.247508,-0.277038385972673,1.10136813562381,NA,0.781693095884475,-0.877833920491156,-0.348273058812494,0.957727755053623,-0.0811647691124704,-4.32664778239683,"R",1,"grass"
3,8.489307,7.358567,0.0282540486154311,0.821517298339694,NA,0.504242795495035,-0.877833920491156,-0.352243978585124,0.855506238459334,-0.139559135990085,0.524032654623198,"R",1,"crop"
4,8.890684,6.864353,-0.157466009570701,0.151059673451321,-1.65808572513793,0.857603093959044,-0.877833920491156,-0.352752302520754,0.802784049457862,0.110852873944696,-0.143489251126821,"R",1,"crop"
5,8.345339,6.950979,-0.341365471878708,1.11171540544642,-0.463354223706495,0.153448589985869,-0.877833920491156,-0.333212884821965,0.605227091530064,0.0173431504635948,0.384180275178528,"U",2,"urban"
6,7.845279,7.125691,0.10180535743782,1.16114905618894,-1.33090102311356,-0.256868938331095,-0.877833920491156,-0.337583995474751,0.800918811321279,-0.174325376785146,0.405494514178026,"R",1,"crop"
7,9.607372,7.753443,0.158248362049594,0.0580106140440669,-0.713836848212523,0.214330869367726,-0.877833920491156,-0.346385161199868,0.94726788359948,0.0586635523767894,0.27863145733186,"R",1,"crop"
8,8.553325,7.756097,-0.22173061448665,-1.25128066763348,NA,0.063797105051468,1.1458191537822,-0.0190332800831668,0.00441297171808434,-0.197755778976002,-0.125037891354412,"R",1,"crop"
9,7.175687,9.078009,0.497359347344583,0.683539121994427,-0.79172207931626,0.177059993266894,0.588716786747159,-0.336206240574122,0.0930432698432567,0.102382398638979,0.737444720086622,"R",1,"crop"
10,7.320356,9.088659,0.685364302440536,0.429588403196066,-1.04333823205867,-0.296603465594148,1.16170668495198,-0.273775651090208,-0.0346834860653586,0.21192891331049,-1.57947302024527,"R",1,"crop"
11,7.431838,9.119989,0.854151801904365,-0.354606341020852,0.0583329122088501,-0.220546763934441,1.76558119078166,-0.218019102115298,-0.139923104027421,0.302740626656691,-0.397468134858371,"R",1,"crop"
12,7.247781,7.62706,0.726236916310891,1.76767046512771,-1.53992423667679,-1.0525272378566,-0.877833920491156,-0.337604178578016,-0.508445440463963,-0.37566336013891,0.362170421831706,"U",2,"grass"
13,6.166906,8.220897,0.546052487990202,1.72994794259268,-0.823355913478345,0.0970423356542181,-0.877833920491156,-0.354316335651827,-0.0737605359626257,-0.563327984285874,0.754414367832853,"R",1,"grass"
14,7.702293,7.30694,0.58279815612616,1.00376688369833,-1.53863340400443,-0.836218245098108,-0.877833920491156,-0.315529065953772,-0.997474978994446,-0.272200354001583,0.76199915860584,"R",1,"crop"
15,6.230748,7.574197,0.573679671273488,0.497506980806906,-0.616908154533354,0.924284947917829,1.35883298971016,0.00124150370659537,0.26194859822906,-0.717748132453778,0.534117503616615,"R",1,"crop"
16,6.732921,7.807597,-0.210470668600927,-0.287185669917354,0.0132085701031037,0.243157180326155,1.46475359209097,-0.10063857790338,0.323549827188907,-0.569009803217744,-0.0555996888381083,"R",1,"crop"
17,6.24351,7.549979,0.658491366233539,-0.695942588621985,-0.262588721508365,0.507451352655353,1.30597382692666,0.890394931194833,-0.0636717038319755,-0.709656752951161,0.611341009959917,"R",2,"crop"
18,6.713347,7.571542,-0.986968172618691,0.679038461510328,-1.22611769884322,-0.686239603097399,-0.874971854049995,-0.263146027392542,0.975682839615795,-0.586722033071052,-0.383435311962169,"R",1,"crop"
19,4.41278,8.398275,0.618072562453542,0.48448985833212,0.510017170870413,-0.637668609405474,-0.79829282667064,-0.322455696136128,0.900583480668922,-0.924312703901973,0.626231134541916,"R",1,"crop"
20,4.806814,8.843017,0.103619358276515,0.995795595844776,-0.641248109583087,-0.124234828811615,-0.877833920491156,-0.35785684464625,0.339517100782943,-0.685006174305585,-0.627301199334446,"R",1,"grass"
21,4.800638,8.729697,0.496305346376879,0.876978067636133,-0.585625794356863,-0.335691527024781,-0.877833920491156,-0.358202974152289,1.00189323081302,-0.724208005281485,0.541427333535516,"U",2,"urban"
22,4.54455,8.483042,0.480235418590622,-1.6277944373992,2.78847650026705,0.555498572324688,1.78656328071201,0.30401470926434,0.134587304612093,-0.867684062568372,-0.248462391172154,"R",1,"crop"
23,5.101331,8.131064,0.939275112678974,0.609441204041429,0.42803035352723,-1.31561493386047,1.1020372393454,-0.194467705928637,-0.190410734161372,-0.735983222302707,0.0778645037338533,"U",1,"crop"
24,8.29228,8.190134,0.200644952902329,1.15642092116431,-0.276732986292231,0.32363296327253,-0.877833920491156,-0.35137296399611,-0.466912752286789,-0.0723526563618266,0.950926357165398,"U",2,"crop"
25,8.331702,8.592569,-0.208909580828879,1.22231418482743,-0.595846288435375,-0.899753875830587,-0.877833920491156,-0.346462856741004,0.567938228574361,0.212255631452246,-0.359762697643046,"R",1,"crop"
26,8.708215,8.445215,0.218932604839284,0.914023807442733,NA,0.606425098510662,-0.877833920491156,-0.237336839020593,-0.679098683565759,0.137758066085715,0.828093442368235,"R",1,"crop"
27,8.619322,8.943237,0.675769001355975,0.854067683573491,-0.154283923302911,-0.749106608149286,0.313308365787658,-0.329975020987014,0.397944049725805,0.793665082512286,0.186895591255001,"R",1,"crop"
28,4.475289,10.31798,-0.0302410068316436,-0.73344146544094,-0.320605752322728,1.25903436564854,-0.877833920491156,-0.349098546631452,0.742379561297269,-0.347729875262397,-4.32664778239683,"U",2,"crop"
29,6.388657,9.31313,-0.00861618952758052,1.24328402351275,-0.159633875502953,1.27399350561042,-0.877833920491156,-0.3557582015292,0.81831433220339,-0.101524440633484,0.360594921898611,"R",1,"crop"
30,5.857228,9.37309,-0.473878972799135,0.173381315527324,-0.635515056106684,1.48125954723737,-0.877833920491156,-0.353464822529392,0.641053929382992,-0.176690376361915,-0.160721792821074,"R",1,"crop"
31,4.903465,10.189917,0.260513356994548,0.394060061201412,0.57590942915037,0.865529968126446,-0.877833920491156,-0.35666184078779,0.344019115723112,-0.206887693089318,-2.64636579098304,"R",1,"crop"
32,7.136373,9.618284,0.910260077641031,0.74500831793002,-0.662236694265423,-0.497508531212434,-0.877833920491156,-0.342137871330985,0.794564101866056,0.256184460682238,0.222421539068647,"R",1,"crop"
33,6.853399,10.236503,0.805011324832892,0.751277412353655,-0.505375445182797,-0.571035514859897,-0.877833920491156,-0.351307663882488,1.44586490755391,0.132309704323953,-0.500121452752921,"R",1,"crop"
34,6.533614,9.597524,0.288853644071624,-0.400324034643834,0.888087422248037,1.119841920251,1.69276885632995,0.254995406970933,-2.55126701841707,0.0127473187712032,0.775050744264806,"R",1,"crop"
35,9.578892,9.339002,1.25714308358719,0.71002376661017,-0.97734180658193,-1.00874767114227,-0.877833920491156,-0.349419973785294,0.148041274691299,-0.0316612216935614,0.768731398120736,"R",1,"crop"
36,8.734232,9.621903,1.56018773736074,-0.0107530146235186,-0.791237982106468,-2.89288976744558,-0.877833920491156,-0.326305734946702,-0.93607486353947,0.336596990457857,-0.301252513828079,"R",1,"grass"
37,8.856895,9.937338,1.51802826271422,-0.380006726800642,-0.123082535115743,-1.86984634385135,1.47240523425357,0.113903164534681,0.404659836865983,0.204954295007163,-0.145404944243365,"R",1,"crop"
38,8.890752,9.89475,1.5631770557392,-0.60245409463681,0.335573997388507,-2.23279376440009,1.47627342714628,0.302614650267475,0.0620834950023661,0.189206548627194,0.0959851683917081,"R",1,"crop"
39,9.443204,9.314392,1.56930631149312,0.0134662820871133,-0.584600064973733,-2.67016905642576,-0.229332528628551,-0.286235723489461,0.485256956833172,0.0311419614390906,0.614137765027618,"R",2,"crop"
40,8.651635,9.822045,1.47481299269634,1.44493504163601,-0.790967387744197,-1.97460307373666,0.427992049600924,-0.334103785687329,0.678511857135046,0.372568842361998,-0.333423839003456,"R",2,"grass"
41,11.996187,8.557235,0.870915921494805,0.69749797459384,0.00340686895595054,0.33569398464293,-0.877833920491156,-0.348179662350621,0.0783482116998123,0.111867329975088,0.0900906392690217,"R",1,"crop"
42,11.855174,9.673816,0.206422096768463,-0.0833478326975567,1.08079656607501,1.40639161807889,-0.697053592928969,-0.337788436263879,0.821999930061891,-0.266805527330009,-1.47688284468744,"R",2,"grass"
43,13.491655,10.788272,0.989070032566839,0.920519184438111,0.392811775176287,-0.0522589487203363,-0.877833920491156,-0.348476284173333,0.87747131541519,-0.485612154890091,0.747037218147867,"R",1,"crop"
44,13.299291,10.324478,0.982915588163139,0.160330424808296,0.0499147690597843,0.058638899164637,-0.873810559907297,-0.329312843467191,-0.0404295226886887,-0.349632916248035,-0.0655230191386155,"U",2,"urban"
45,12.44966,9.945494,1.06218144673646,0.141833846031165,-0.390723913374895,-0.285561173745625,-0.877833920491156,-0.358077422894586,0.0100841567471477,-0.282642460073678,0.975196402467413,"U",2,"urban"
46,13.384483,10.621779,0.914722279323101,-0.0991831621676725,0.646857866614868,0.0625862201836382,0.583406755976511,-0.190547872891747,-2.55126701841707,-0.414659626918522,-0.0144170649662687,"U",2,"urban"
47,12.439493,9.220901,0.0592429710673108,0.0284330873248744,1.43859005967411,1.74726144589644,0.750094806613446,-0.21384973897044,0.238794515304222,-0.18011861385062,-0.817315363888935,"U",2,"urban"
48,10.791508,11.494958,0.823216091024699,-0.680031923654299,-0.0185020357655094,0.884179780164397,-0.877833920491156,-0.352894158948801,0.63584669675397,-0.713053409130988,1.00672745198584,"U",2,"urban"
49,10.810898,11.842771,0.686991084556228,-0.643342359617919,1.22672415277954,1.37242009479541,-0.877833920491156,-0.335522716338451,0.614046881778243,-0.891027319253654,-0.0608457765211582,"U",2,"urban"
50,10.245409,11.587013,0.786331843446975,-0.769756909029884,1.07525162114315,0.795975171244019,-0.877833920491156,-0.255042582318908,-0.376969697054478,-0.556569817475135,0.83069551354858,"U",2,"urban"
51,10.236059,11.724402,0.695621121221087,-0.348041320203196,1.17035797617794,1.03454798405084,-0.877833920491156,-0.352163590712105,0.993317708949458,-0.609364335682137,0.758208071390786,"U",2,"grass"
52,9.390048,11.232544,0.822147075255747,0.101156680120816,0.655024390488591,0.43928868667154,-0.877833920491156,-0.34473713254237,0.255245946253993,-0.315561766194776,-0.738401396187483,"U",2,"grass"
53,9.900244,11.448887,0.733847601622263,0.0272077943294869,0.748240142320055,0.535741397832733,-0.877833920491156,-0.259698132141849,-1.13443028042578,-0.454805295286239,0.357637677329342,"U",2,"urban"
54,9.672988,10.35295,1.03479440809914,0.83205278288516,0.614677902447123,-0.103265580203912,-0.877833920491156,-0.353710193555558,1.18173731035969,-0.20871390280276,-0.051305825837574,"U",2,"grass"
55,10.208769,10.324984,0.821308604117632,0.487038474411044,0.419693753020686,1.15556898370069,-0.877833920491156,-0.356205236659786,1.24421342902983,-0.318711221032624,-3.16973465895924,"U",2,"crop"
56,10.611783,11.466238,0.706195235634636,-0.129234756397387,1.13115558802802,0.654677572512119,-0.877833911758521,-0.318619265110451,-1.06687192775989,-0.648103375628375,-0.506815795817001,"U",2,"urban"
57,12.917827,10.640084,0.823820059599445,0.215678242598787,0.811314301524323,0.320437523385404,-0.360075156249457,-0.3317078531136,-0.776423984949613,-0.526173320314018,0.199106795759685,"U",2,"grass"
58,12.802034,10.902442,0.799477073033788,0.690928357769045,0.805856384695777,0.276024274956491,-0.877833920491156,-0.353381399282062,0.684709027507217,-0.64354502476218,1.04468611503548,"U",2,"grass"
59,13.282003,12.972669,0.482208169817442,-0.0285250162270749,2.76891525591445,1.74207924618408,-0.877833920491156,-0.358267856017398,0.914194994677391,-1.73612180364911,0.153605806734516,"R",1,"crop"
60,14.37509,12.157663,0.475113679804471,-0.440153252139644,1.92595436003622,1.63708941722969,-0.877833920491156,-0.356352902862074,1.14280709253962,-1.43128963287524,-0.115551797734599,"R",1,"crop"
61,13.623833,12.047764,0.48947578566256,-0.313568651050183,1.38451391313861,1.48804286444214,-0.877833920491156,-0.354364458919539,1.25181301740801,-1.30924708067209,-4.32664778239683,"R",1,"crop"
62,13.188141,12.421884,0.496593651213369,-0.505254719983463,1.79001157027529,1.55833905976442,-0.877833920491156,-0.355906880302107,-0.13713449456433,-1.48012343612886,0.977224563706801,"R",2,"crop"
63,13.186672,12.824601,0.481307745628455,-0.225468094396801,2.53222280632338,1.61730445027487,-0.877833920491156,-0.324485878378415,0.161722018059038,-1.67246461669146,1.24898488222338,"U",1,"crop"
64,12.468787,12.478131,0.575481638502973,0.173450042440981,1.8678840200579,1.05699368789959,-0.877833920491156,-0.359511037927717,0.610775408802103,-1.51880419355727,1.04323394804192,"R",2,"crop"
65,13.126814,11.816776,0.562482655034191,-1.52404668045819,1.86714143532915,1.18657684390181,1.25299370602849,0.396042400163227,0.373464158188594,-1.15366836742258,-1.63877731916065,"U",1,"crop"
66,11.357814,9.623815,0.866875078654728,0.421101401140544,0.0949240986232343,0.789872832182745,-0.877833920491156,-0.326258064532773,0.315813709758244,-0.220083572429354,0.209194338652542,"R",2,"grass"
67,10.687318,10.927322,0.507915511987461,-0.808050286838361,0.39118591198008,1.73640491663187,-0.877833920491156,-0.350700181152564,0.494398188435451,-0.518775584193057,-4.32664778239683,"R",1,"crop"
68,10.965113,10.426164,0.897211284662655,-0.694173387399841,0.747905331589925,1.14567542241428,-0.877833920491156,-0.352457509993866,0.749798968694128,-0.404025989873852,0.0367201994997547,"R",1,"crop"
69,11.264428,10.091919,0.711657267663289,0.687141339459697,0.929616771118658,0.809246662909167,-0.877833920491156,-0.352980375933645,1.14860240753772,-0.352983735277543,0.0579293891009651,"R",1,"crop"
70,11.19457,10.285392,0.793484765165828,-0.950161313058949,1.26373249646296,0.539899334652047,1.54150966285755,0.372998037463371,-0.386672876940983,-0.387449284842771,0.163417225276207,"R",1,"grass"
71,10.493168,8.132177,0.235779593027285,1.20557706703827,-0.371672334473624,1.09713703773532,-0.877833920491156,-0.358176575016926,-0.459345557186744,0.0777288121798376,0.327522051389866,"R",2,"grass"
72,9.793967,8.273705,-0.388220820704007,-0.411082092019458,-1.19489522707944,0.534751394088883,-0.877833920491156,-0.358365847640366,1.11763801781141,-0.0482562389380572,0.201497710229484,"U",1,"crop"
73,11.196942,6.542209,1.77165809578714,1.63740898635895,-2.21966708626638,-4.56236633823349,-0.877833920491156,-0.341625721986662,1.20743509136659,0.754447403534679,0.189530573547026,"R",1,"crop"
74,9.892506,7.713728,-0.0233766788237831,0.895451033642218,-0.282393350726871,0.883203055491944,-0.877833920491156,-0.296448066874065,-0.696848782542751,0.123697432938978,-0.635192247565869,"U",1,"crop"
75,9.780477,7.865301,0.108352186469496,-0.137634180777684,NA,0.251838029054551,0.86454134270729,-0.195997441053931,-2.55126701841707,0.0599560218344859,0.424195754327542,"R",1,"crop"
76,11.421082,11.070566,0.392735566270024,-0.540681547742816,0.839348070381191,1.68248126441496,-0.877833920491156,-0.350271832987859,0.772535172224939,-0.720913927951923,-4.32664778239683,"R",1,"crop"
77,12.161721,11.355929,0.780957267042921,-0.129220413871056,1.0063117362797,0.716266132204001,-0.877833920491156,-0.350963171794935,0.296136244684666,-0.867133477186273,-0.444908665918986,"R",1,"crop"
78,10.619727,13.017313,0.593577557252739,-0.510602474953513,1.70698150433856,1.30009787791715,-0.877833920491156,-0.352952166458537,-0.0917625364124655,-1.6211764368827,-0.0678954167430941,"R",1,"grass"
79,11.240271,13.191671,0.579251207617109,-1.00887216200209,1.97991220609449,1.34415702553562,-0.877833920491156,-0.357395383460875,0.216630283414677,-1.87493433613372,0.930191060316609,"R",1,"grass"
80,10.461124,12.874771,0.607931815279835,-1.27139667427116,0.996691663073441,1.23840364402275,0.635595149218344,0.0120940101896441,-2.55126701841707,-1.49722064533126,-1.43434974590594,"R",1,"crop"
81,9.452337,11.418123,0.763162429990323,-0.347944780765738,0.36339062462282,0.352873702527291,-0.779449447560815,-0.322323364557436,0.795213173468549,-0.390039569820197,-1.17424490736101,"R",1,"grass"
82,9.887757,11.146026,0.833957134431893,-0.287422805865711,0.770824441761696,0.504684153014462,-0.877833920491156,-0.327819833389585,0.374915572455542,-0.382633782711852,-0.699000259154945,"R",2,"crop"
83,10.131081,12.294818,0.632356242923693,-0.783779865799825,1.19642792957692,1.56812053613956,-0.877833920491156,-0.285309112845698,-1.4842026121778,-0.895390465235773,-0.180567439461857,"U",1,"grass"
84,9.888696,12.589549,0.627007619628497,-0.7361110943099,1.30107375995738,1.36252586360238,-0.0559273401917186,-0.330257030407377,-0.190969076999786,-1.05622360059603,0.712684831330831,"R",1,"grass"
85,6.210254,10.572324,0.685287459998999,1.19315162191668,0.0416940890079813,0.642166867828188,-0.877833920491156,-0.35621754982636,0.283369466214441,0.0503470035162009,-0.139546150362262,"R",1,"grass"
86,7.955414,11.359338,1.11696375070213,0.27018575926316,-0.484264408105001,-0.221991272202313,-0.605216443355388,-0.312068113209825,-0.629868503383272,-0.221557737567784,0.550113021507103,"R",1,"grass"
87,7.836212,10.266653,1.16703138704665,0.623476194527465,-0.53315907957081,-0.469982484151506,-0.877833920491156,-0.304104920192385,-1.26067305196419,0.300556100645668,0.58744147250296,"R",1,"crop"
88,8.573512,10.466342,1.20332411372519,0.115317439659149,-0.513426058402171,-0.953043403152509,-0.875709547544069,-0.342665187457062,0.546217705714082,0.151712177144033,0.577508354354249,"R",1,"grass"
89,7.923961,11.058023,1.07931211575367,0.261349319111648,-0.58563398999569,-0.419771427925827,-0.877833920491156,-0.340905247280918,0.718278420777383,-0.111418435143942,-0.338641463420071,"R",2,"grass"
90,7.123666,10.033345,0.707659603894831,1.00792463400176,-0.0684763334021007,0.75117714359604,0.572237505753611,-0.322353125075553,-2.55126701841707,0.209968270592669,-0.852849374449579,"U",1,"grass"
91,7.453267,10.527146,1.02852051655389,-0.30818095351419,0.814804704880868,0.109638416708816,1.82095531927259,0.695779415297708,-0.513061297361287,0.135328181852864,-0.0124429069524461,"R",1,"crop"
92,7.703629,11.05812,1.08458879098589,-1.50349053434184,1.58063082656169,-0.451018524775712,1.24240012841698,0.842104282533279,0.536333793046574,-0.125493853775606,0.405082922684737,"R",1,"grass"
93,8.287681,11.696503,0.866520000398136,0.393037846543093,0.0150899377548084,0.737528384073016,-0.876395178016042,-0.335130453126818,0.500927183206436,-0.356482332444185,-0.0832819417799192,"R",1,"grass"
94,8.686374,11.892669,0.828164371287561,0.0437811335106796,-0.0491296456999279,0.693604066241364,0.286436156239031,-0.30491385454223,0.310684438242688,-0.461225030686024,-0.0829434984602176,"R",1,"crop"
95,8.902605,11.577307,0.852716100458006,-0.260632102872311,-0.164689230199678,0.654258029627478,-0.877833920491156,-0.304685048446038,0.936632610759019,-0.36492195262056,0.569176969432212,"R",1,"crop"
96,8.239196,11.790579,0.835989253104327,-0.416448402935406,-0.11257332714807,1.13697759311647,-0.877833920491156,-0.322726582137789,0.780602077156452,-0.390836361421331,-0.690410733664973,"R",1,"grass"
97,8.434132,11.781657,0.828036690920091,0.20961258070382,0.280082897933561,0.670108657985221,0.560648135139229,-0.142764009869097,-2.55126701841707,-0.39344562181244,0.386559391553008,"R",1,"crop"
98,8.223351,12.042057,0.899390814421522,-0.266215270737881,0.322435869751347,0.623935903589234,-0.877833920491156,-0.301602913261048,-0.479926870935769,-0.491713321439229,0.782164237396226,"R",1,"crop"
99,8.330692,12.026496,0.864975393039006,-0.432247156178989,0.0306499463645824,1.15304726306951,0.261193876980071,-0.294854630916465,0.713725815895814,-0.483036786402127,0.368931385256295,"R",2,"crop"
100,8.86605,11.812156,0.734101988576178,-0.259850865309488,-0.0209048685344199,0.630935158989179,0.247017182217672,-0.204970039168864,0.0274723327127409,-0.469808157093149,-0.603879798220163,"U",2,"urban"
101,8.514462,11.99642,0.855298786890658,-2.71120960333742,2.2470337702145,1.4993098903585,1.90328468104661,3.78307058931409,-1.02814863027871,-0.475440478464694,0.22538060491837,"U",1,"grass"
102,8.570092,12.023289,0.835364571683344,-1.92880782240851,1.66680282842535,0.862594413412838,1.87711862872599,0.952523298409947,-1.00512247093359,-0.493232819173367,0.221801760055345,"R",2,"crop"
103,7.92969,12.78744,0.914579828678568,-0.659119643757375,0.841042200294155,0.468935962459105,-0.877833920491156,-0.292706335730625,0.635445467636131,-0.932711472889317,0.275019332687799,"R",1,"crop"
104,7.29993,11.671409,1.06621770416843,0.24689320765731,-0.358673260418479,-0.261135208184766,-0.877833920491156,-0.350301246575204,0.0657420174804111,-0.319897501316103,0.437871011291032,"R",1,"crop"
105,7.713316,13.17727,0.80280798697127,-0.432195242719295,1.28208114959863,0.468952373663348,-0.877833920491156,-0.332977666231219,-0.188186257575417,-1.28055932981512,0.662293692540189,"R",1,"crop"
106,7.713127,12.041367,1.00938876338167,0.318728174770322,-0.223949069781303,-0.339494194550724,-0.877833920491156,-0.250306551856293,-0.865557061219129,-0.5028309799951,0.389745287825242,"R",1,"crop"
107,7.13364,11.393078,1.12130248092148,0.888586577465129,-0.774462846142249,-0.645114270448596,-0.872299359576611,-0.328148021492589,1.06147226962635,-0.183407956702958,0.160973380834172,"R",1,"crop"
108,8.746168,12.849162,0.721075210624108,-0.242415082002072,0.754338108569069,1.21076055603758,-0.193654494473651,-0.281299157287734,-0.202780392127462,-1.22451645851832,1.29836975068414,"R",1,"crop"
109,8.504643,13.057727,0.867932747256358,-0.59395588069355,0.964265378981747,1.28729260357991,-0.190095342116201,-0.314218352561431,0.180194043103884,-1.28048769222462,0.347425937805668,"R",1,"grass"
110,4.639867,12.996569,0.333236422641328,0.0185115443298925,0.513313878411748,1.52426988669092,-0.498582186008215,-0.323568458317255,-1.06330721982192,-1.1466584018497,0.223595573930698,"R",2,"crop"
111,4.545212,12.434628,0.329991043941141,-0.799650788710851,1.16374008787779,1.66328639860242,-0.877833920491156,-0.338170362588466,0.118937290141748,-0.849123932613087,-0.607401257279537,"U",1,"crop"
112,4.540254,11.492791,0.296327265030603,-0.29649964397883,0.456017048017654,1.36202488319082,-0.877833920491156,-0.342162964228893,0.759395381192699,-0.447866551312407,0.327115974657982,"R",1,"crop"
113,5.296415,12.890081,0.52391810111948,-0.496987961336655,0.461491069495222,1.54892979582711,0.36846498577924,-0.34423600364661,0.500678862214975,-1.01788091355733,-0.300074203031667,"R",1,"crop"
114,5.315405,13.75809,0.438850785740315,-0.632341408434742,1.42369225965139,1.78097323169333,0.00249931374678745,-0.338595988679845,0.61737920439121,-1.45292374819094,0.550979134526087,"R",1,"crop"
115,5.190939,12.682169,0.457424454855738,-0.657091945395077,0.475509958576713,1.70641692142437,-0.877833920491156,-0.351976982690837,0.697588789460161,-0.924498952988397,0.311436970065301,"R",1,"crop"
116,4.971851,12.710833,0.426448918870855,-0.0837004469062717,0.729072936045318,1.68126233732328,-0.477238632869513,-0.321879931256046,0.690751335374746,-0.959755674833376,0.772956313229005,"R",1,"crop"
117,5.270134,13.04628,0.477156242887719,-1.43492918822292,1.63178957987728,1.45940844423107,1.4231959480635,0.252800211864853,-0.59428034109842,-1.10461922856431,0.0625079415236007,"R",1,"crop"
118,6.820543,12.162603,0.977409082546995,-0.344290702715672,-0.115838631062789,0.913360219418269,-0.325496899510417,-0.33836717187789,-0.250768712949357,-0.530991251102088,0.145562530858176,"R",1,"crop"
119,6.628641,12.535684,0.694792281920107,-0.549495787135271,-0.129953242614771,0.864509974618941,-0.195321573832667,-0.290539288628859,0.84087591108832,-0.795274747308982,-2.45681055765949,"R",2,"crop"
120,6.835759,11.720231,1.02372189622805,-0.0635889906433244,-0.393291753982908,-0.352768799664445,-0.877833920491156,-0.34459125255706,0.782509699149533,-0.301417313922166,0.558987948330767,"U",1,"crop"
121,7.592014,5.804339,-0.440150051462842,1.19891712519647,-1.45567376691684,0.447942364072582,-0.877833920491156,-0.339917625496343,0.573777846480098,0.675816776085022,0.0652132222510315,"R",1,"crop"
122,7.366824,5.294386,-0.27774575343406,1.14556136173803,-0.639287462972079,-0.442800277694983,0.508731654253575,-0.288600213945447,0.209121974880208,1.12652429130868,0.875544997063935,"R",2,"crop"
123,7.408782,5.123332,-0.616593432266399,0.172125580202303,NA,-0.121676814946313,1.11850372391712,-0.220541340249969,-0.100128033085267,1.34465241082788,0.252594177546764,"R",2,"urban"
124,7.276959,4.943722,-1.10182885419394,0.777223814531304,-0.587783278575175,-0.826554691625837,-0.877833920491156,-0.306372278516054,0.091337826690241,1.81169992456558,0.739077270414615,"U",1,"crop"
125,7.368509,5.07848,-0.766412776850281,-1.71321834411647,-0.129153143317466,0.217293058281363,1.34875652922408,0.445141101253662,0.169459681338839,1.43073745726014,0.239650046693854,"U",1,"crop"
126,7.329655,5.265571,-0.356062379217978,-0.0740092731259721,-0.485652231564627,-0.636078708529952,0.58506002519151,-0.232741267293675,-2.55126701841707,1.17112921478649,0.628479223535418,"R",1,"grass"
127,7.452823,5.541505,-0.249367159278903,0.905133476576974,NA,-0.266860496853854,0.876700958514753,0.0765346139877494,-2.55126701841707,0.873845371940317,0.473971428870474,"R",1,"crop"
128,6.995332,6.071721,0.412425441134637,0.834102906420543,-0.121320437305095,-1.97383720253509,0.785328503888052,0.0045189791641467,-0.165539015269353,0.353838026666025,0.583110706479255,"R",1,"crop"
129,6.814762,5.884801,-0.625711764941902,0.485910720531316,NA,0.52660294363356,0.541090047795453,-0.130414947565212,-1.1803267561187,0.663756677350099,0.0627045793323312,"R",1,"crop"
130,7.029983,6.104241,0.253168541660907,0.158413677966328,-0.492460114850118,0.277804358046283,0.825886922218998,0.243480633344079,-0.222548866140178,0.293794830819217,0.343458376628826,"R",1,"crop"
131,6.960708,6.516487,-0.878745646217746,0.696068952570854,NA,0.856821608212656,0.421650747031443,-0.224790539028492,-2.55126701841707,-0.106580487191182,0.0877004106776918,"R",1,"crop"
132,6.981079,6.077368,0.315826709006244,1.01641754378878,NA,-2.07375316473688,0.794907490060727,0.162861708234518,-1.09249009312114,0.349146390884356,0.381866893928652,"R",1,"crop"
133,6.833928,5.931052,-0.77656013480937,-0.140217694008607,NA,0.301296965486501,0.879906062186581,-0.0801923123694461,0.438628617961128,0.588644202619056,-0.425561052796473,"R",1,"crop"
134,6.904532,6.02423,0.037391331384387,-1.16323448064512,NA,-2.3474968373122,1.21127789994193,0.2352646986221,-0.286024607891709,0.442637138521178,-0.0837770997758852,"R",1,"crop"
135,6.775678,6.142777,-1.24321804803708,-2.87208382464451,0.279428122787933,1.29913339044605,1.71331583019466,2.58642236514029,0.253850681333519,0.303581208196137,-0.208405156552954,"R",1,"crop"
136,6.884398,6.176059,-0.182125277735896,0.659906023795531,NA,-0.291056288433467,0.86882429553237,0.0244012977122801,-0.29368277526446,0.236004315510056,0.83716683422174,"R",1,"grass"
137,7.832354,5.765176,-0.000277766200254114,1.08832934972765,-0.587220488346272,0.503579533817504,-0.822722729264575,-0.25762264541449,0.296441059753876,0.780318832111251,0.989989219619291,"R",1,"grass"
138,8.070874,6.005484,-1.14251976672867,1.07921734030372,NA,0.791658720477016,-0.877833920491156,-0.317716195862381,0.649956101556619,0.745951223019202,0.870131596592444,"R",1,"grass"
139,7.582331,5.96377,-0.811823159807715,0.972925930978213,0.058778656040151,0.503476517562784,0.615333682873157,-0.219564128430739,0.695483857232458,0.551566937397196,0.158296330807986,"R",1,"crop"
140,7.807239,5.986411,-1.0084922855593,0.908314429337689,-0.266919705420239,0.545569732682686,-0.877833920491156,-0.301906040375045,0.908607952594126,0.632672902275186,-0.306969814142633,"R",1,"crop"
141,7.774852,6.130823,-0.486349935529647,0.257515157954855,NA,0.549224455224999,-0.877833920491156,-0.284324375201538,-0.292567661153663,0.5314857747726,0.657831835007762,"R",2,"crop"
142,8.119307,6.020529,-1.21702597091027,0.869291350419072,0.159412878942378,0.673425952399032,-0.877833920491156,-0.263440629888962,-0.339542449323204,0.754195725915377,0.551711729641569,"R",1,"crop"
143,7.380499,6.400117,0.668817621532343,-0.774562380374358,NA,-0.717375424708121,0.675334278207746,-0.311076367035105,-2.55126701841707,0.182176104565817,0.198432015901894,"R",1,"crop"
144,7.429002,6.956676,0.605670924768775,0.46944999891679,-0.37944425339478,-1.02449185435111,-0.49034930621215,-0.085806819465887,-0.311047787202225,-0.15322177249114,1.15940895623683,"U",1,"crop"
145,7.532193,6.288412,0.0343632503899153,0.730229460270339,-1.25168103942624,-0.219625317811023,0.639989032769999,-0.261600209734147,0.446501903947698,0.31838139180221,0.518385699763696,"R",1,"crop"
146,7.387271,6.31821,0.712429034247987,0.779952269991961,-0.553138374554829,-1.39126835778235,0.808870176268452,-0.292335094817589,-0.19850975990248,0.233350194280466,0.453750078286735,"R",1,"crop"
147,7.501441,6.443654,0.171318449407029,-1.14649564424353,NA,0.417032735279063,1.86485237273868,0.51428580325791,0.331511079485153,0.215970141832611,0.202712167886027,"R",1,"crop"
148,7.529082,6.408199,0.0302863748685398,0.599242029777824,-0.268185156123866,-0.238705925188417,1.21213992359341,0.169527444544237,-0.782940366783087,0.249586682257627,0.492727934678055,"R",1,"crop"
149,7.482435,6.348039,0.211147798870719,1.19182164932934,-0.494620828069628,-0.468043133405296,0.803836507047149,-0.264805789166719,0.0799551277102938,0.268000753054659,0.0922293241291163,"U",1,"crop"
150,7.45601,6.849821,0.791370135042031,0.550655104562824,-0.587182208331174,-1.37172827759005,0.594136797237773,0.0310317460379577,-1.21304586898906,-0.0757139404167202,0.93469773385162,"R",1,"grass"
151,7.214347,5.530585,-0.0462766738113711,-0.435728820832015,-0.830744106025743,-0.666276311205429,0.552285606406716,-0.199741526604541,-2.55126701841707,1.0229498738515,-0.223123382203921,"R",1,"grass"
152,7.368038,5.48118,-0.621641020114847,1.24390152714582,-0.426525176213393,-1.00915373093693,0.395234610020675,-0.189528521476426,0.524355900887009,0.961671935247656,-0.724478756408077,"R",1,"crop"
153,7.412635,5.648897,-0.501636986876285,1.47035359210933,-0.635668566823769,-0.553598602611046,-0.76318144993617,-0.223174067750263,0.332609244073293,0.799600865072209,-1.08847676298652,"R",1,"crop"
154,7.108554,5.666752,0.0596950902800815,0.359535230022802,NA,-1.25181205252379,0.558809292194649,-0.121331681970983,-2.55126701841707,0.930619475811222,0.0328945626602323,"R",1,"crop"
155,7.051812,5.659154,0.00135405958632513,0.379899835903698,-0.22675098089244,-0.310399809711738,0.631065077971076,0.216172278880673,-2.55126701841707,0.963598219345497,-0.0203433727342474,"R",1,"grass"
156,7.086983,5.665886,-0.00020287851058666,0.929316890911717,NA,-1.13831815790319,0.565092404004984,-0.0455504775752028,-0.258220762793519,0.943158332144894,-0.86226839256412,"R",1,"crop"
157,6.815875,5.456439,-0.720613541067012,0.742212482090348,-0.765869399700495,-1.23421948183921,-0.877833920491156,-0.344993056918398,-0.0892153849686945,1.25903888059876,0.550887784554435,"R",1,"crop"
158,7.036544,5.746929,0.0616043168797454,-0.361107525349927,NA,-0.889147425674055,0.592354932804326,-0.132818205162805,-0.648757403087536,0.838438948485187,-0.198023408075437,"R",1,"crop"
159,7.198319,5.840097,-0.178287559639844,0.683926417903415,-0.494480431817955,0.175572429780064,-0.0211554728248455,-0.259958745771299,-0.113704684667304,0.667165651893465,0.474843377704096,"R",2,"urban"
160,6.975436,5.532783,-0.53280438061637,0.246051229121787,-0.226626709383842,NA,0.981813605126934,-0.250477121205584,0.253615266633395,1.15193668687421,0.23009377200371,"R",2,"urban"
161,7.794041,4.990432,-0.811628820982516,-0.13604565848387,NA,-0.8070918962595,0.998455177407434,-0.0823657947348347,0.0725339792379413,1.58416672875483,0.855753708307518,"R",2,"crop"
162,7.618569,5.130846,-0.522877634335557,-0.266617796057757,NA,-0.0160700726306408,-0.290264971109413,-0.226333059784479,-2.55126701841707,1.30845658640159,0.580385378201111,"U",2,"urban"
163,7.931678,4.922886,-0.813307784952486,0.365235355283172,NA,-0.596044749114444,0.581918825367553,-0.237272442048264,-1.25324949750859,1.73706834505444,0.550290416221145,"U",2,"urban"
164,7.620035,4.578965,-1.82446535842624,-0.76275848698534,-0.350097987329029,-1.44742770057774,-0.877833920491156,-0.302262301172094,0.211027591575934,3.10612481020299,-0.069859717934091,"U",2,"urban"
165,8.306769,4.593795,-2.34751271868365,-1.61540160389374,-1.67536267708522,0.540217465495536,-0.877833920491156,-0.274312489054585,1.04815919746035,2.29831346373274,0.249256947105475,"U",1,"crop"
166,7.574349,5.200888,-0.361540700657008,0.00842393259976859,NA,-0.574575171451989,-0.877833920491156,-0.27018331449073,0.255998806946126,1.19884752916523,0.28264992521615,"U",1,"grass"
167,7.759809,4.887476,-0.858827081832354,0.323107515927577,-0.326078578999413,-0.866287891177516,-0.225813284366804,-0.309777544092733,0.135238999665719,1.89877201709223,0.0405564202879537,"U",1,"crop"
168,7.944945,5.041625,-0.954049898898723,-1.01191411228848,NA,-1.21220967302366,1.75627715837882,0.0394236200923576,0.256351186424305,1.46147016802369,0.792017520604427,"R",1,"crop"
169,5.983744,4.333322,-1.92542658466057,-0.887859459680165,-1.83679674902253,-0.514177504919632,-0.877833920491156,-0.279601023023884,1.70846045012541,2.2309820296155,-1.0920365249648,"R",1,"crop"
170,6.335797,4.805707,-1.56819120801624,0.997557463284083,-0.327951977804061,-0.780936799919911,-0.877833920491156,-0.336731291513526,0.183827874688724,1.99315647263997,0.0931159467164052,"R",2,"crop"
171,6.341854,4.921934,-1.67639847466838,1.24150503391968,-0.454246940068543,-0.605251475383158,-0.877833920491156,-0.232099813445064,-0.576254533369978,1.91718719876056,0.353783499398449,"R",1,"crop"
172,6.305483,5.0192,-1.50576282771238,0.0946042429653377,-0.336438909853997,-0.641723616895052,-0.877833920491156,-0.24815167928108,0.833906623420673,1.89274115226554,-0.0571863382009888,"R",1,"crop"
173,8.475463,4.916046,-0.927562415657813,0.5198276933411,NA,-1.11045568881086,-0.549304611232544,-0.275463500452013,-0.690628556833808,1.97453091079684,-0.354415322985558,"U",1,"grass"
174,9.076679,6.175264,-0.126486847877358,-0.999942329284907,NA,0.574771774945057,-0.877833920491156,-0.355202030764306,1.08893142211801,1.02305582236922,-0.132612723279302,"R",1,"crop"
175,8.268083,5.959396,-0.820800774881707,0.393931200104847,NA,0.861819113781658,-0.797061588185376,-0.284634618698333,0.18167763398714,0.850664074838335,0.400489876935533,"R",1,"crop"
176,8.1091,5.935648,-1.26434326212538,0.0972776467426097,-1.29177133826085,-0.695045232608771,-0.877833920491156,-0.27784465462332,0.270723147311149,0.802666818599363,-1.61928706976121,"R",1,"crop"
177,8.316339,4.92243,-1.96192997338522,-0.520951646612553,0.152651913010818,NA,1.14230391044783,0.679550605004475,0.888447830894896,1.90596992335232,-0.782093720996647,"R",1,"grass"
178,5.748918,5.45245,-1.7812535516445,0.394689766938448,-0.665272026725092,-0.665181265362982,0.649717800812154,-0.323819023657338,0.783934398705233,2.14932579474954,0.199003726375984,"R",1,"grass"
179,5.47075,5.259904,-2.05960754175005,-0.733575855398178,NA,-0.824075726482006,-0.877833920491156,-0.353164694618561,1.69826311571569,2.77546130600078,-0.411437261592652,"R",1,"grass"
180,6.173596,6.13535,-0.00943561653576446,0.936476329585223,NA,-0.853316547123777,0.42362109040209,-0.275508534778986,-2.55126701841707,0.64563169862497,0.544324607292453,"R",2,"grass"
181,6.344194,5.645299,-1.47078155329971,1.50871131074573,-0.265147576513571,-0.162376671535053,-0.877833920491156,-0.34092122348257,0.347323102033932,1.24784662834502,0.75811014793552,"R",1,"grass"
182,6.188596,5.861285,-1.09876358484448,0.784543450640653,NA,-0.501008689507027,1.65819530621079,-0.280247741048215,0.386289291543994,1.04633084187494,0.0167103350673812,"R",2,"grass"
183,6.203391,6.252299,0.0667796438384594,-1.33485833939007,NA,0.0863953112674502,1.18223948432219,-0.0936514156010241,-0.62262230222317,0.457093622422158,-0.279214156093678,"U",1,"grass"
184,5.67311,5.886476,-2.0498959616319,-1.1036008172608,-0.868458458279811,-0.253372467457276,1.748307762585,-0.147298043417869,0.909133655328285,1.42561919629718,0.00292317953327181,"R",1,"grass"
185,5.748346,5.532777,-2.22930872077433,-1.88645210425114,1.88241697746984,0.108405308454921,1.89002323963526,0.324137009210842,0.592391991354396,2.01556298981408,0.167424964692256,"U",1,"crop"
186,6.230781,7.398828,0.877063904728878,1.19256182425939,-1.5044282042494,-0.309524831874423,0.567672761356722,-0.316654975744183,-2.46191247583368,-0.650737039169711,0.837140798216425,"R",1,"grass"
187,6.326709,7.257271,0.47812423749818,0.838347257867272,-1.19537014904061,-0.293705542796997,0.330312030472534,-0.33903664741058,0.322477719766836,-0.578978127264968,0.264018636279989,"R",1,"crop"
188,5.5255,6.765351,-0.291898807917895,1.57444955083045,-0.707073668000618,-0.193388110641062,-0.877833920491156,-0.346559741704943,0.0507306733218058,0.0716813526967468,0.333946766657043,"R",1,"grass"
189,5.837464,6.366156,-0.378250099710994,1.58820159959895,-1.89671074235662,-1.50556322127338,-0.877833920491156,-0.353438539336131,1.03394829524206,0.584538072243768,-1.67190920992634,"R",1,"crop"
190,6.315918,6.71294,0.742299948096391,-0.0917133343555602,0.105996666318597,-0.407055546623124,0.979896663653308,-0.223424449553658,-0.126348380124096,-0.110429311261871,0.847258699668015,"R",2,"grass"
191,5.638871,6.306622,-0.52250113942257,-1.37185252587367,NA,-0.51189730516307,1.87102651711548,0.313833142107326,-0.168588379522589,0.822623155545874,0.372363989785439,"R",1,"crop"
192,6.580595,5.040515,-1.58574723302937,0.656350959586279,-0.65068375146836,-0.273904057925593,-0.877833920491156,-0.286014289492024,-0.594068850264237,1.63678526997612,0.612494912505558,"R",1,"crop"
193,7.421815,4.492775,-2.17216906012358,-1.19424008357769,-0.730342443705185,-0.824910963995627,-0.877833920491156,0.0932697641223462,1.20292056912865,3.24264975708913,-4.32664778239683,"U",1,"crop"
194,6.869577,4.817972,-2.18357570600464,0.0241317810689573,-1.53576461777808,0.0811443453761886,-0.877833920491156,-0.328268122698063,0.437915682405231,1.76015613883511,-0.452680346514577,"R",1,"crop"
195,6.852819,5.04145,-1.25209482714348,1.38684607165669,-0.61179035660115,-0.917307579176596,-0.877833920491156,-0.341682549010442,-0.117436725049658,1.51136250902212,0.995198748438553,"R",1,"crop"
196,7.034851,4.897561,-1.40408228664663,-0.627291619811801,0.470439846452053,-0.405404523698279,-0.877833920491156,-0.193226830027691,-1.31646242007542,1.7837399298818,0.465886758416793,"R",1,"crop"
197,7.173183,4.669144,-2.07165236500979,-0.780996360651355,-0.0976716154949712,0.465575246403208,-0.877833920491156,-0.105158097806548,1.14862540583211,2.61178046350387,-2.00248534911076,"R",1,"crop"
198,6.863353,4.745698,-2.54327626450579,-1.10219451651917,-0.942572717570595,0.572441292748652,-0.877833920491156,0.234854893594181,0.501821928633655,1.85658677585084,-0.532943107407291,"R",1,"crop"
199,7.265522,4.667134,-1.68207377969688,0.87505478334602,-0.223835855450092,0.101707304178166,-0.877833920491156,0.0941736026942704,0.706006716848167,2.71938819908178,0.388097927970426,"R",2,"crop"
200,7.025899,4.761146,-1.92340598023709,-2.24951250956759,-0.628606109348594,-0.127111845361989,-0.877833920491156,1.24082750771049,0.576808759844688,2.09340062058771,-0.221022155843693,"R",1,"crop"
201,5.013745,7.611381,0.823303496961423,2.43701907587766,-0.822337638922563,-2.39804042893286,-0.444535817783815,-0.217853825080828,0.734100402694935,-0.633304492267501,1.01965958054807,"R",1,"crop"
202,5.39401,7.683476,0.692374118204081,1.70083701100552,-1.02807238701892,-0.891724371330055,-0.860222145346222,-0.28024355350523,0.23320550030975,-0.625621222470873,0.656357268838452,"U",1,"crop"
203,5.230588,7.633059,0.805178678286781,0.679368468178485,NA,-0.907010571291587,1.36792898292199,0.149953288753188,-0.402328107251302,-0.62203088415591,1.2147110153179,"R",1,"crop"
204,5.136131,7.671106,0.978585935581367,1.84959712903571,-0.471292256895203,-1.43421599614704,0.406368932941618,-0.262982715978228,0.305480929608593,-0.63767012981288,1.1870783781236,"R",1,"grass"
205,3.604084,6.60483,-1.25802469108157,0.435541923147398,-1.30651629338622,-0.35121461945942,1.21914861045392,-0.24680738365183,1.00818386710794,-0.846255273717575,0.129607549204239,"R",2,"crop"
206,3.3369,6.449656,-2.54816703428166,-2.65876239541745,1.4131378106647,0.558212645879499,1.90112728307532,8.25737716974372,0.174127956897379,-1.04498817966978,-0.064608567414934,"R",1,"crop"
207,3.252447,6.651542,-0.940012506758081,-1.46331493595353,NA,-0.388933398480364,1.82374269298475,0.734093348790468,0.427873282044587,-1.14676610037091,-0.434244406647334,"R",1,"crop"
208,3.276451,6.437308,-2.82290260773579,-1.33843313562049,0.382918239452477,0.370885574066016,1.51182795462256,0.181058045417032,0.666435184521482,-1.10103463717104,-0.316260008478722,"U",1,"crop"
209,3.345383,6.459945,-2.45589795028302,-2.54052309300596,1.63530430792043,0.355729173388395,1.90465895272844,7.60402586820823,0.530291958207053,-1.03831614148688,0.227872229247534,"R",1,"crop"
210,4.14452,6.405217,-2.254415382075,-0.251953379223534,-1.06279423974532,-0.12990670763269,-0.877833920491156,-0.345056075594787,1.26739865655573,-0.26061582237124,0.121310670837588,"R",1,"crop"
211,3.355644,6.610265,-1.26920312882096,-1.93649536270549,NA,0.417076133515799,1.90498043710897,0.623857999568601,0.374023411892241,-1.05547189132315,0.303070747774464,"R",1,"urban"
212,3.397685,6.53759,-2.46451363013077,-3.08269709346404,1.15190373751119,0.0369890114355483,1.82189071459758,4.13414048772879,-1.02518983039965,-1.00376975154799,-0.228895901580884,"R",2,"grass"
213,3.398575,6.511351,-2.68410194172646,-2.24928382489695,-0.301091740584541,0.211672231922942,1.74632176417921,2.56740966707322,0.158917901277712,-0.998279927219755,-0.300235527489137,"R",1,"crop"
214,3.350442,6.549288,-1.35083528487384,-1.95673616781156,2.37660586605646,0.247500065002267,1.90483268950376,3.9809484136252,-0.650964142166023,-1.04525152249928,0.666501347452263,"R",1,"crop"
215,3.132227,6.467271,-2.34032065688729,0.146847684162546,-0.682595861337473,-0.15403603767818,1.50576012363578,0.343364006146685,0.724196375240734,-1.24466195268252,-0.110952082066233,"U",1,"grass"
216,3.344272,6.59112,-1.07286500155028,-1.66429904840562,NA,0.377392849232563,1.90548655741389,1.07270856879267,0.0754523561573233,-1.05739960799975,0.615230824972335,"R",1,"grass"
217,3.348767,6.512438,-2.02758140469283,-2.47237512976026,NA,0.361465441939261,1.90543092609861,4.71983357801097,0.332338599477466,-1.04191728066143,0.667256012786372,"R",1,"grass"
218,2.886579,7.368521,-0.171835192849552,0.291387241389442,-1.32929966250088,-1.38409480164789,-0.877833920491156,-0.354459926098889,0.677112208076664,-1.17776004650673,-0.557949092258031,"R",1,"grass"
219,3.695853,6.990041,-0.283837324077492,0.729488330162908,NA,-1.11297534774354,0.455537451413715,-0.257169490832567,0.302232817859777,-0.951777370943687,0.373706324632626,"R",1,"crop"
220,2.959729,6.674595,-0.793309410691712,0.537683889657128,-1.88874156083137,-1.14930078293326,0.418735199615776,-0.334473270596764,0.664157868044669,-1.38527807977314,0.32464333566552,"R",1,"crop"
222,3.912165,6.948733,-0.853093539755599,-0.156230414188722,NA,-0.654177647672751,0.782431589358094,-0.134291116507247,-2.55126701841707,-0.767536163568918,-0.373826433369319,"R",1,"grass"
223,5.705311,7.391938,0.515799920978948,1.56218888108377,-0.987132382226126,-1.41616130610029,-0.877833920491156,-0.308081965417809,0.572213996732242,-0.565037809332532,0.512801143931178,"R",2,"grass"
224,4.788941,7.18216,0.390030142628627,-0.71901433605897,NA,-1.24376201214947,-0.877833920491156,-0.309040733159869,0.450076984753232,-0.416880115077034,0.645073532503396,"R",1,"grass"
225,4.753544,7.036462,0.265424345100884,0.0517678013009845,-1.03935992145781,-0.824671877073074,-0.877833920491156,-0.341765616620508,0.247109371288739,-0.299203762840294,-0.104135361482323,"R",1,"crop"
226,5.73367,7.459292,0.571157601686769,0.819843323361637,NA,-0.972383063968502,0.59001734011288,-0.0743425270548332,-2.55126701841707,-0.587992981120808,-0.00897244092331253,"U",1,"grass"
227,4.929109,6.436361,-1.43412486323927,0.595551480921452,-1.25654736972345,-0.489760476423373,0.0991811302465214,-0.299655736571449,0.849747143921946,0.429160804438876,0.693725660204888,"R",1,"crop"
228,4.459917,7.813293,0.541186424864888,-0.148203241707079,NA,-0.284391429863472,0.605006379587624,-0.287030280376095,0.696831502576561,-0.928064376748838,-0.629481092138227,"R",1,"grass"
229,4.178975,7.785788,0.571934644466985,0.709323699326086,-1.60423087308026,-0.855464311836707,-0.877833920491156,-0.338885475352722,0.74334652956868,-1.05150242570904,0.542265234643669,"R",1,"crop"
230,4.701779,7.883217,0.696222069426684,0.762244040711717,NA,-1.27321285524433,0.503577754122998,-0.197758740598893,0.384922368683857,-0.862559090655672,-4.32664778239683,"R",2,"crop"
231,4.674685,7.91609,0.728109161183588,-0.875057360008607,NA,-0.294494213479522,0.911943287444642,0.0818792760599392,-0.933681827891561,-0.886463675351382,0.362706657341558,"R",1,"grass"
232,4.892631,7.761336,0.716008728331571,0.0526912517691574,NA,-1.40752373705191,0.582137984890545,-0.252772842829776,-0.453379279268683,-0.74980383439084,0.274197523513351,"R",1,"grass"
233,3.148879,8.488854,0.647650968067371,1.23447747532915,-0.840151810859428,-0.595248664655885,-0.877833920491156,-0.349959533406519,1.5316503459212,-0.90804383299578,0.215901776963073,"R",1,"crop"
234,3.792233,7.374762,0.210678485843151,0.0778237693401145,NA,-1.11331224096554,1.06823692813337,-0.296175100441506,0.687084444393077,-1.04113289882481,0.486649895781208,"U",1,"grass"
235,3.29425,7.917198,0.393595933195124,1.01912958483593,-1.56416028608951,-1.3596251623231,-0.877833920491156,-0.300510949770558,0.520820493316824,-1.10221471151759,0.0651113015290809,"R",1,"crop"
236,3.96411,7.383139,0.276222698427231,-1.93879772282496,NA,-0.406477152819691,1.58541907419517,0.920239326751314,0.174648734545309,-0.959887527584715,0.0638221226666088,"R",1,"grass"
237,3.8949,7.385056,0.230284177965807,-2.49763233919658,1.4662367130104,-0.376935712762324,1.83137114774389,0.752087680417036,-2.55126701841707,-0.988514071217296,0.494281563494413,"R",1,"crop"
238,3.906515,7.407212,0.238643179426046,-1.09673266367058,0.264705807782069,-0.340566479629881,1.85075662503306,1.39172896070591,-2.55126701841707,-0.99036463556967,0.349626508165237,"U",1,"crop"
239,4.241894,8.127695,0.582646701167959,-1.8826056534271,1.07101062807797,0.268263489504333,1.27967016114113,0.363554429657487,-2.55126701841707,-1.03097830786784,0.538298959204331,"R",1,"crop"
240,3.367649,8.666144,0.72116422102386,0.233605164002289,NA,-0.431644069662284,0.570852467933741,-0.231343326571422,-0.0115742092046942,-0.8401230554114,0.79912481438701,"R",1,"grass"
