"DHSCLUST","LONGNUM","LATNUM","ALT","EVI","LSTD","LSTN","NLIGHT","POPDEN","RDIST","RFALL","WDIST","URBAN_RURA","LCType","ID","GRUMP"
1,1.219794,6.132719,-1.71473454188686,-1.87967249048732,1.77757570850128,1.16060355269727,1.59099823451296,1.33288641366059,-1.74781157245781,-1.22911264033871,0.718894119991182,"U","urban",1,2
2,1.377195,6.190756,-1.86772432800859,0.255775410078093,-0.282083225156026,0.26465109067852,0.737608436845559,1.77898297527836,0.508839973593001,-1.16786535484565,-2.47716030388529,"U","grass",2,1
3,1.28707,6.144871,-2.09393414977689,-2.20089163059155,1.73868449724686,0.819362096320833,1.50425890724049,-0.615905856136728,0.163980390672976,-1.20694194862153,0.414574733919291,"U","grass",3,2
4,0.990037,10.018775,0.470079391896151,0.298093983415504,-0.452975377151537,0.859062001133046,-0.85762691195639,-0.924171873327365,0.301161873562862,1.06186178220497,0.556579266728719,"R","crop",4,1
5,1.204894,6.259177,-1.3674974602368,-0.875023451236706,0.384844741579934,0.353408203829441,1.12378205103126,1.34400822976293,-1.74781157245781,-1.17602008478898,-2.47716030388529,"U","crop",5,2
6,0.861564,7.425703,1.40738513836871,1.77434310923982,-1.67102566604105,-2.37664321927381,-0.85762691195639,-0.890344161104342,0.543975805152115,0.72816889654977,0.373057560172287,"R","crop",6,1
7,1.2318,6.181958,-0.982630814952067,-0.466120248989822,1.11272607669449,0.79799261536999,1.61124925562776,1.50195331969441,0.406440685102958,-1.20515406161251,0.440180810263834,"U","urban",7,2
8,0.254152,10.652328,0.640305299092047,-0.156611139970413,0.707895853612535,0.869810613141542,-0.85762691195639,-0.573128540299146,0.725653243923358,0.896141795174903,0.555900740527062,"R","crop",8,1
9,0.598886,6.84315,0.74693969369326,1.36986830361572,-1.11976347733306,-1.58184468868933,-0.85762691195639,0.495662275045497,-1.74781157245781,-0.130370600903448,0.353408645718143,"R","crop",9,1
10,1.292967,6.165506,-1.57883031997383,-1.82807688101435,1.43440445148324,0.739667856707814,1.5016590443315,1.37412977731608,0.542863317172551,-1.19792513110619,-0.0214881727439614,"U","grass",10,2
11,1.477374,6.499863,-0.450433026056837,0.843709264510542,-1.35806165099313,-1.23552903880107,-0.85762691195639,-0.548709303949984,0.630364506179785,-0.974573508402441,0.725453532934482,"R","grass",11,1
12,0.864653,8.045369,0.869012045315088,0.392051113785069,-0.773144724254425,-0.444203606910759,-0.85762691195639,-0.913819507493397,1.09524439479842,0.604286475140901,0.73646608627457,"R","crop",12,1
13,0.698591,7.081201,0.971455498373711,1.61234234759885,-1.29111745947721,-1.78776853803008,-0.85762691195639,-0.892145363118577,0.511184172375447,0.144569252548141,0.392264429961078,"R","crop",13,1
14,0.015057,11.09758,0.723093008159357,-1.05876614259479,0.645501005294345,1.01780185730397,0.595347619903354,1.29382729628402,-1.74781157245781,0.675233250396205,0.486145594228083,"U","crop",14,1
15,0.887026,10.24549,0.437975365441946,-0.0998042895830507,-0.104641252511414,0.928892846225809,-0.85762691195639,-0.96872843008355,1.03053998525864,0.959751774525426,0.622086520720122,"R","grass",15,1
16,0.850476,6.890304,0.363191152380164,0.785531226734915,-0.700270656313147,-0.851169354523329,-0.85762691195639,0.512534927918121,-1.74781157245781,-0.33471747886544,0.269853258368772,"R","crop",16,1
17,1.167226,6.276244,-1.01577257204822,-4.66536916238949e-05,-0.323517608748332,-0.317957297589417,0.608606162059898,1.24451868478424,0.808195012728636,-1.17482290478944,-2.47716030388529,"R","crop",17,1
18,1.415632,7.204395,0.0230424740530872,1.06969319108729,-1.95057663038696,-0.900313889443144,-0.85762691195639,-0.949486171824275,0.94440632409899,-0.371569335669611,-0.0214881727439614,"R","crop",18,1
19,1.612827,6.497285,-0.152332895421011,0.240205509997013,-0.255779397356366,-0.363618251590331,0.347534159877576,0.695679432349783,0.301161873562862,-0.973429197765577,0.630164979982301,"R","crop",19,2
20,1.169236,6.194336,-0.881500819344981,-1.11378739701567,1.12090316737512,0.655914737435991,1.56322134196058,1.39226761725221,0.406438302816747,-1.21553991852198,0.499300937312409,"U","grass",20,2
21,1.235409,6.213159,-0.870493617105151,-0.669737924853816,1.10722579713677,0.738371109323864,1.4871677162943,1.48663633197408,0.633242368299188,-1.19443189196148,0.104675878486254,"U","grass",21,2
22,1.117103,8.18396,0.815476916646853,0.409548794813685,-0.602420440058144,-0.788382838730148,-0.85762691195639,-0.96837168849014,0.631938087765676,0.540875519960322,0.267866640164166,"R","grass",22,1
23,1.241812,6.83535,0.192960745887756,0.803725736421595,-0.892165214936365,-0.487042615884451,-0.85762691195639,-0.700829854842666,-1.74781157245781,-0.635967598852062,0.104453056581307,"R","crop",23,1
24,0.349415,10.650402,0.524236800272525,-0.201817724857124,0.34104727668502,1.30505685841621,-0.85762691195639,-0.743913568098182,0.508274005710286,0.913976337200329,0.351567795908044,"R","crop",24,1
25,1.172174,6.31155,-1.21223948167587,0.883921803180863,-1.12245519929257,-1.14000020149998,-0.140923504309563,-0.980925988317241,0.786312980111401,-1.1549187772063,-2.47716030388529,"R","crop",25,1
26,1.178773,6.226995,-0.652309954567784,-1.17322104226399,0.575280257117857,0.58687292774958,1.47419872430707,1.39226761725221,0.633232872192719,-1.19746667814835,0.479846445068963,"U","grass",26,2
27,1.158153,7.439093,0.401702957598516,0.3282839002496,-0.042022533673625,-0.214168888826773,-0.185673729572876,-0.468812972523387,-1.74781157245781,0.112922551256252,0.267995314366914,"R","crop",27,1
28,0.607451,7.592824,0.799733919951861,1.5408503389526,-1.47151807238384,-1.15248900012777,-0.321377182340563,0.933944795892396,0.303162709007099,0.60970445631639,-0.0214881727439614,"U","crop",28,2
29,1.25701,6.154253,-1.75311292462712,-2.06793101830223,1.81246734065271,1.35985295880444,1.61134005259892,1.32249815628572,0.406450185816735,-1.21268067319828,0.440187865248753,"U","urban",29,2
30,1.612121,7.333311,0.393270494981175,1.2674845943309,-0.412278432163448,-0.788982102286336,-0.85762691195639,-0.305610594588513,-1.74781157245781,-0.33343119080766,0.269581311810847,"R","urban",30,1
31,1.262807,6.15061,-1.84967692463806,-2.01242297119043,1.9501538448515,1.18287757887245,1.60463711083078,1.34836100430492,0.301161873562862,-1.21069905741768,0.392333505423997,"U","urban",31,2
32,0.993859,8.571908,0.956145150723683,0.38107071067135,-0.0596911674788469,-0.948618416285374,-0.85762691195639,-0.617221286553315,-1.74781157245781,0.903927126235117,0.374581888458749,"U","crop",32,2
33,1.239022,6.173442,-1.01299710427338,-1.41963046495361,1.58994661208692,1.24053928960215,1.60923088567821,1.38888697216295,0.511736233185808,-1.20658528307638,0.440182577535067,"U","urban",33,2
34,0.635901,7.118161,1.45730171002425,1.49484453509546,-1.88883272083007,-2.71799382321573,-0.85762691195639,-0.978533281805647,0.630364505829921,0.256931367181117,0.104340363756949,"R","grass",34,1
35,1.123145,7.528542,0.909113380426992,0.273121606229847,-0.347063657267677,-0.379995957438157,0.595865137792963,1.10204993437888,-1.74781157245781,0.272303874316348,0.478863798677385,"U","urban",35,2
36,0.472614,10.357257,0.25070722857891,-0.354199921674366,0.591772440725163,1.59683153086717,0.506365590018447,1.51674730473321,-1.74781157245781,0.92446964545532,-0.0218274347216597,"U","urban",36,2
37,1.224685,6.133801,-1.71473454188686,-1.87967249048732,1.77757570850128,1.16060355269727,1.59099823451296,1.33288641366059,-1.74781157245781,-1.22911264033871,0.718894119991182,"U","urban",37,2
38,1.298058,6.170801,-1.64723267079234,-1.75090799871976,1.32814598867658,0.786059424168373,1.44592803186453,1.35714000775058,0.508839973986528,-1.19594351532559,-0.0214881727439614,"U","grass",38,2
39,1.152689,8.986955,0.95350783015104,-0.311414961254687,1.2314839518006,-0.253814934824032,0.643913420758069,1.1334051225622,-1.74781157245781,1.18392563479693,0.228540626343035,"U","urban",39,2
40,0.66005,10.414872,0.385831572898983,-0.069096568667656,-0.295880884146881,1.18298162183395,-0.85762691195639,-0.788985436241365,0.716598816426382,0.945470350092923,0.677473809146098,"R","crop",40,1
41,1.233082,6.258082,-1.5288959123363,0.0674689451072573,-0.318627833929824,-0.113210641871244,0.711021611826739,-0.692573548584229,0.511688761335435,-1.17134598572178,-2.47716030388529,"R","crop",41,2
42,0.579375,10.905664,0.484198427664195,-0.0858913254571194,0.176756313039936,1.37052687980882,-0.85762691195639,-0.875805807456801,0.630364506004853,0.887724121766871,0.680141194296352,"R","crop",42,1
43,1.176739,7.18203,0.261670471385467,0.693476708928541,-0.551257747133251,-0.364949067003383,-0.85762691195639,-0.961206824529918,-1.74781157245781,-0.153977137495467,-0.0214881727439614,"R","crop",43,1
44,1.211478,6.237697,-1.10698888036087,-0.991824405564664,1.14333847244937,0.412834136067403,1.37624133806317,1.38527830558431,0.304023433385886,-1.1869554603379,0.230843134913918,"U","grass",44,2
45,1.169368,6.216996,-0.695333864585581,-1.07387939926647,0.411146765628566,0.411123555257508,1.4887100521411,1.39012863366268,0.719472190819692,-1.2032578506527,0.376500960079457,"U","grass",45,2
46,0.625811,6.914025,0.641219688996728,0.377752709906119,-0.375585527131585,-1.34250972817242,0.685105013715335,1.15843071340077,-1.74781157245781,0.0468586675934766,-2.47716030388529,"U","urban",46,2
47,1.152531,7.047071,0.388836821308218,0.637417456530086,-0.617301499854812,-0.764388908250193,-0.85762691195639,-0.497160932599156,-1.74781157245781,-0.286087567453095,0.612577492918559,"R","crop",47,1
48,1.037446,9.989936,0.560046001869065,0.379686027396304,-0.409227832455474,0.690770779438924,-0.85762691195639,-0.959551410430566,0.542291331268483,1.11522409390531,0.69163062315431,"U","grass",48,1
49,1.111337,9.491819,0.787129928233257,-0.023003507683663,-0.590922958274119,0.0525100859780317,-0.85762691195639,-0.658123597131928,0.508839973593001,1.36817246672797,-0.0208776838426485,"R","grass",49,1
50,0.813222,7.898479,1.08232116632759,1.06540386558821,-1.05540405912569,-1.46875862099891,-0.85762691195639,-0.964379277417177,0.405882351669226,0.655169143824593,0.267917214696231,"R","grass",50,1
51,1.176481,9.378774,0.947519883866105,0.33544048458125,-0.722796288623446,-0.722929535942901,-0.85762691195639,-1.04884587016253,0.872079836320878,1.53411512040234,-0.0214881727439614,"R","grass",51,1
52,0.742363,9.853493,0.225687271953698,0.694215932694242,-0.642275948896969,0.519589407424229,-0.85762691195639,-0.987021906199099,-1.74781157245781,0.990919951319033,-2.47716030388529,"R","crop",52,1
53,1.245265,9.603689,0.961043638559649,0.225353457667326,-0.413876559819297,-0.121591911731397,-0.537004040219473,-0.757222586973032,0.301161873562862,1.3832238776116,0.392433546546229,"R","crop",53,1
54,0.993469,8.318998,0.81751270303522,0.668603489356865,-0.661481105359236,-0.223024342002497,0.213762091899991,-0.798132836960938,0.301161873562862,0.711761720892013,0.229176177902239,"U","crop",54,2
55,0.716581,10.878611,0.293607991108305,-0.0358279625631918,-0.438712520204761,1.68688531620145,-0.85762691195639,-0.766578449199801,0.300372728990918,0.877642536712567,0.476408432415948,"U","crop",55,1
56,1.215587,6.222928,-0.77690536135305,-1.44830160967894,1.34151842841257,0.752588190922751,1.46608051782082,1.39226761725221,0.304028187290771,-1.19067807862331,0.230848835920581,"U","grass",56,2
57,1.256222,6.176318,-1.14003685255782,-1.09088197731346,1.82524438025413,1.14959192412995,1.57512311285914,1.39226761725221,0.71949585271527,-1.20243705474377,0.230882880411103,"U","crop",57,2
58,0.757992,6.863222,1.27457204116267,2.39825907748756,-1.4069557437184,-1.72669429552437,-0.85762691195639,-0.759109113190732,0.542779641081067,-0.32917876103747,0.353402326241949,"R","crop",58,1
59,1.571822,6.731737,-0.400593577796766,1.01404412457632,-0.779474973837478,-0.760139092088364,-0.85762691195639,-0.687863483213079,-1.74781157245781,-0.8607225974244,0.353449349193762,"R","crop",59,1
60,0.786314,8.725168,1.22067363923408,0.735204159702448,-1.94213371076924,-1.50407212738293,-0.85762691195639,-1.0231607126812,1.09633308012216,1.12804620513628,0.373057560172287,"R","grass",60,1
61,0.270842,10.947899,0.71253255000813,-0.0701841085197354,0.19211820898015,0.743651568537681,-0.85762691195639,-0.430948176355253,0.629499182105747,0.830790640049982,0.37202047899997,"R","crop",61,1
62,1.149976,6.940979,0.383053563913778,0.515057644198441,-0.53360094981426,-0.314556348195781,0.425662180716816,0.0253897599324042,0.613932588210016,-0.425336205594539,0.268075270745687,"U","crop",62,2
63,1.520451,6.609347,-0.753252555385121,1.17704909986971,-0.867087645118116,-0.864431131213821,0.48989608315059,-0.416629863528953,0.303802862398672,-0.923865944136954,0.805634052238295,"R","crop",63,1
64,1.210143,6.164551,-1.12418516114127,-1.13180214249056,1.83005426156339,0.86956191103311,1.61429261069124,1.39226761725221,0.40644306579276,-1.21895352257522,0.682843670813478,"U","urban",64,2
65,1.407259,7.021487,0.292130660774279,0.995241532320614,-0.532724607546013,-0.662620421151316,-0.85762691195639,-0.74748989720313,0.508839973199474,-0.505088198233914,0.227411744683701,"R","crop",65,1
66,0.886469,8.714421,1.12440425553353,0.503449091552701,-1.17560371903552,-1.36640485847659,-0.85762691195639,-1.0662239870752,1.15297739455949,1.08894398721613,0.373057560381941,"R","grass",66,1
67,1.202938,6.142269,-1.21976143167417,-1.66685930560058,1.61592240550814,1.31121873732459,1.57180241521491,1.36472355751331,-1.74781157245781,-1.23034422003407,0.768335999409538,"U","urban",67,2
68,0.307244,10.891248,0.893210478774637,-0.393298524963341,0.499026394605634,1.11653247093468,-0.85762691195639,-0.662488563116138,0.404582455688852,0.862507088459942,0.391884503497737,"R","grass",68,1
69,1.379189,6.240286,-1.19805285909674,-0.319838172016686,0.13482840384536,0.130361783166366,-0.0890077204732638,0.109268106838645,-1.74781157245781,-1.14737811793661,0.104667252592558,"R","crop",69,1
70,0.398613,10.595166,0.392962281802517,-0.173852967276411,-0.208128531882216,1.41070209051879,-0.85762691195639,-0.984721096728296,-1.74781157245781,0.917771798985784,0.227411745626976,"R","grass",70,1
71,1.202714,6.115841,-1.85131427323749,-1.79159542095656,1.18686843938158,0.720678569931235,1.51576292713605,1.1858072005692,-1.74781157245781,-1.24173491749292,0.829578494793509,"U","grass",71,2
72,0.710989,7.45824,1.37886082409412,1.83134054452441,-1.42737465103059,-3.22671110795224,-0.85762691195639,-0.0489675546370314,0.630364506004853,0.876344815490642,0.104205836094622,"R","crop",72,1
73,1.224674,6.144616,-1.84646411742067,-1.71280629377847,2.02058329879524,1.3244350365694,1.61346140898299,1.39226761725221,-1.74781157245781,-1.22546430292083,0.690568582334037,"U","urban",73,2
74,0.517757,9.573746,0.395183759674411,0.346416314320004,-0.261740977468882,0.324558312797749,-0.85762691195639,-0.916940317668221,0.838150277151547,0.943803845737331,0.373057560172287,"R","grass",74,1
75,1.181872,6.94699,0.268047868992346,0.479954487425738,-0.00943140316069205,-0.324633454372499,0.428346226076462,1.06528605899318,0.301161873562862,-0.431280895980827,0.392274883210484,"U","crop",75,2
76,1.168311,9.664266,1.13297947155399,0.630929631949769,-1.0001053857493,-0.395519726842068,0.496324624726278,-0.768378871041654,0.301161873562862,1.35403985399108,0.439236787562969,"R","grass",76,1
77,1.192675,6.210901,-0.771895389419199,-1.38008056154638,1.15350871546979,0.572518780441504,1.57547975454752,1.39226761725221,0.5117173212969,-1.20366045004313,0.566940456460802,"U","grass",77,2
78,1.211554,6.248726,-1.49948208380808,-0.855347809540593,0.508764475296797,0.160912468719241,1.14590760140016,1.37559056417672,0.301161873562862,-1.17932712866002,-0.0214881727439614,"U","grass",78,2
79,1.309632,8.434439,0.721774946727416,0.419086918930348,-0.661003890926565,-1.06455392339955,-0.85762691195639,-0.955588053591727,0.405678095011846,0.620862530399439,0.729501578879976,"R","crop",79,1
80,0.457075,9.857763,0.306091984171648,0.271218144842352,-0.0133593757612762,0.646297843865916,-0.85762691195639,-0.983230858630968,0.54231269247754,0.907409777073552,0.227411745626976,"R","crop",80,1
81,1.290153,8.341355,0.763729490074142,0.597152287028121,-1.02648195350824,-0.640290385488701,-0.85762691195639,-0.964098394481851,0.910878614375601,0.561483792235578,0.558321324542297,"R","grass",81,1
82,1.311525,6.188182,-2.11879072928846,0.689513460370613,-0.523905950156241,0.377064455802951,1.13310753581325,1.71147075535917,0.686375487269891,-1.18713282057531,-2.47716030388529,"U","crop",82,2
83,0.364794,10.773051,0.829390319751162,-0.0361643421081397,0.329183107209427,0.801242035242657,-0.85762691195639,-0.688379197099358,0.782802250620346,0.915309427454903,0.556579266653232,"R","crop",83,1
84,1.122602,8.976162,1.03677536888249,0.306670374145199,-0.371923959124117,-0.983670583740911,0.462911758013438,-0.865011130841099,0.543034434732703,1.19040791819344,0.601504758886455,"U","grass",84,2
85,0.71827,9.671079,0.537803136419456,0.45131202755109,-0.365279740367543,0.253610398874812,-0.85762691195639,-0.917182315829125,0.612882781391197,1.02649146460659,0.476408432533889,"R","grass",85,1
86,1.522949,6.341558,-0.710063950794246,0.367469378458442,-0.0774771167993704,0.0986411262141648,0.386046619148286,0.135121588991706,-1.74781157245781,-1.04602325810999,-2.47716030388529,"U","urban",86,2
87,0.754145,9.580367,0.568872314101294,0.404698881552186,-0.531616065198006,0.26019641013286,-0.85762691195639,-0.890176061200244,0.509269104537512,1.07992891838317,0.227926053870804,"R","grass",87,1
88,1.056564,8.19281,0.870436530292956,0.383017309439404,-0.383216668359625,-1.42622826415822,-0.85762691195639,-0.96837168849014,0.646313534200055,0.580539549262932,0.374935965645395,"R","crop",88,1
89,0.296292,10.681408,0.606838782297283,0.0298344591841596,0.198985871085735,1.00171794577496,-0.85762691195639,-0.566612440074251,-1.74781157245781,0.906499602482027,-2.47716030388529,"R","crop",89,1
90,0.422815,10.822101,0.409905025422154,-0.0708314450155434,0.338120492396431,1.12260193054007,-0.85762691195639,-0.825603140659882,0.300422802516555,0.899540668645997,-2.47716030388529,"R","crop",90,1
91,1.227013,6.140381,-1.84646411742067,-1.71280629377847,2.02058329879524,1.3244350365694,1.61346140898299,1.39226761725221,-1.74781157245781,-1.22546430292083,0.690568582334037,"U","urban",91,2
92,0.969185,8.572608,0.922978235256875,0.363219687561226,-0.180520766251238,-1.04418288417143,0.167182919082887,-1.03013659158433,0.510111620569839,0.91779869183237,-2.47716030388529,"U","crop",92,2
93,1.283431,6.170744,-1.54612547839913,-1.92254772072212,1.67209294085705,0.919996435558648,1.534704542761,1.38590969960658,0.614172574450083,-1.1999067468868,-0.0214881727439614,"U","grass",93,2
94,1.248814,6.146685,-1.82016650137146,-2.16360501717412,1.71004467300102,1.28495969668982,1.58598377675776,1.37312638849123,0.301161873562862,-1.21814442725098,0.557841135100401,"U","urban",94,2
95,1.345141,7.774344,0.426376779424071,0.308388001099704,-0.5563271974263,-0.0962316113892798,-0.85762691195639,-0.95036464403851,0.873092630628427,0.147619060843217,0.353024010120902,"R","crop",95,1
96,1.325162,9.960778,0.99837221977232,-0.320589935631169,-0.531614724723645,-0.47162570626935,-0.85762691195639,-0.898809099645398,0.734304273396148,1.26219325395395,0.725563230676734,"R","grass",96,1
97,1.250104,6.200521,-0.982052595381935,-1.28693784335585,1.41679416597287,0.79061290353047,1.45472868298336,1.35474734218104,0.735704733237,-1.19416596354409,-0.0214881746294955,"U","crop",97,2
98,1.718645,6.331248,-1.72801845024788,0.520695990813153,0.330870176195127,0.00727328356801271,0.201946505727021,-0.442787184257087,0.301161873562862,-1.0518981706833,-2.47716030388529,"R","crop",98,1
99,1.137705,9.004057,1.00187873415966,-0.229592465452392,0.457339780093286,-0.245899330407957,0.675964491083741,1.07503921034993,-1.74781157245781,1.21181697686606,0.477521086359523,"U","urban",99,2
100,1.285708,6.548586,-0.514979251826813,1.36680075415146,-0.856100589918804,-1.65506343542642,-0.85762691195639,-0.983151207407099,0.918311080959754,-0.976576660540021,0.376267194104359,"R","crop",100,1
101,1.160209,8.96471,0.920874124185015,-0.0119552999509575,0.274313976516853,-0.542886422816566,0.476512237798859,0.988806363530882,-1.74781157245781,1.15544514101709,0.228557120881783,"U","grass",101,2
102,0.707525,10.091957,0.502619670391205,0.617319570598425,-0.591037749786543,0.663069057570005,-0.85762691195639,-0.960351095316431,0.508839973986528,0.973024121292756,0.645416239066369,"R","crop",102,1
103,0.180551,10.91342,0.780394279926136,0.0488005218547204,-0.205865295968947,0.567515124139164,-0.629512985083033,-0.430948176355253,-1.74781157245781,0.823836154268871,0.372060833576212,"R","crop",103,1
104,1.396529,6.187486,-1.91477389723873,-1.36560351625529,0.782993141101176,0.370810615833702,0.605243206694159,1.24919564555693,0.301161871989603,-1.16731666276928,-0.0214881727439614,"R","grass",104,1
105,0.752274,10.322326,0.469964234256553,-0.00271139293992039,0.0385655207145146,0.80740349628651,-0.85762691195639,-0.319262448347976,-1.74781157245781,0.953644515187911,0.680964545108203,"R","crop",105,1
106,1.031959,8.707917,0.985449489561322,0.47455240248387,-0.346706571377916,-0.817775616503338,-0.85762691195639,-1.03917023637314,0.301161873562862,0.993934008209447,0.612183666296314,"R","grass",106,1
107,1.224401,6.123536,-1.70514958855561,-2.03976096738263,1.57537993896309,0.998043917760845,1.56596653902105,0.925737046662766,-1.74781157245781,-1.23276097775659,0.748367579402678,"U","urban",107,2
108,1.336164,9.123944,0.953070998016286,0.516627854696233,-0.883370978010824,-0.798788726602292,-0.85762691195639,-1.00390813677712,-1.74781157245781,1.29559615551781,-0.0205012893909137,"R","grass",108,1
109,0.204731,10.859033,0.873254424933737,-0.573571889567678,-0.253869080894213,0.923871597708656,0.633699795223914,1.48188515307812,-1.74781157245781,0.853871797779335,0.102480269854034,"U","grass",109,2
110,1.131837,6.223538,-0.637142509056248,-0.245460716006557,-0.0654385660101693,-0.415988616640081,0.871057625148981,1.10640826240627,0.406428739002031,-1.20764957743589,0.104673007281873,"U","grass",110,1
111,1.597637,6.262865,-1.43300877410493,-0.465332117996035,0.598997676122259,0.564135600675009,0.455268903028154,0.0669404299345637,0.301161873562862,-1.07183376365263,-0.0214881727439614,"R","crop",111,2
112,0.660446,9.597125,0.372251007638616,0.553967822242826,-0.106090994337076,0.215126344861585,-0.85762691195639,-0.968198433566453,-1.74781157245781,1.0099002046464,-2.47716030388529,"R","grass",112,1
113,1.099111,6.263974,-0.38967336958863,0.441017505984627,-0.16270739216112,-0.973611599891905,0.145631690456445,-0.92479124360937,0.725854942263335,-1.19227604730799,0.682809079011532,"R","crop",113,1
114,1.180262,9.55811,0.795364753752275,0.292852813601332,-0.0194629189605605,0.417726375723282,0.965113730427567,1.3077396955774,0.301161873562862,1.35195164883935,0.373057560381941,"U","urban",114,2
115,1.219849,6.166845,-1.1552307161024,-1.08203137173427,1.56798323948973,1.19559430057928,1.62415676101519,1.39226761725221,-1.74781157245781,-1.2145192906672,0.602668528097082,"U","urban",115,2
116,1.052842,8.664316,0.941610401233597,0.326346475579979,-0.528244870096607,-1.0383262577173,-0.85762691195639,-1.02368282570045,0.630364506179785,0.943474967254331,0.516784911348806,"R","grass",116,1
117,1.214625,6.138671,-1.88706637533963,-1.70948990172825,1.55940221194461,1.19407399397789,1.59305676723616,1.3241913282563,-1.74781157245781,-1.23162687976286,0.753853170873211,"U","urban",117,2
118,0.9559,8.211965,0.796320609574188,0.291709992927905,-0.284656303537626,-0.753495812696725,-0.85762691195639,-0.968474539080591,0.508839973986528,0.647167866382546,0.103880797275187,"R","crop",118,1
119,1.301258,6.263711,-0.982992911768719,0.0692999227810745,0.912390832286564,0.0158013427415588,0.414860934149595,-0.886853051457614,-1.74781157245781,-1.15648676410314,-2.47716030388529,"R","crop",119,1
120,0.78185,6.77633,0.133724209236878,1.66365232252172,-0.77832653896564,-0.946101604110253,-0.85762691195639,-0.952056247081637,0.301161873562862,-0.510826227761646,-2.47716030388529,"R","crop",120,1
121,1.313388,8.875187,0.769511178886724,0.697171727059108,-1.03843697972072,-0.876213575012715,-0.85762691195639,-1.02817473592993,0.806634574405914,0.907435101847895,-2.47716030388529,"R","grass",121,1
122,1.617909,6.241018,-2.27966291936931,-0.835953779500547,0.527670270336362,0.830657178495574,0.616492142489514,0.474541844966249,-1.74781157245781,-1.07855072115036,-2.47716030388529,"U","grass",122,2
123,0.30403,10.843144,0.665531474152047,-0.38865168617515,0.933265659442885,1.5143588314435,-0.85762691195639,-0.598436480110896,0.857342185785273,0.880416007661978,0.373057560172287,"R","crop",123,1
124,0.578437,9.769482,0.484761856927224,0.420451148710795,-0.271262766901358,0.360979989758557,-0.85762691195639,-0.800011527133574,0.64639769768604,0.9545908781938,0.497719090852715,"R","grass",124,1
125,1.435678,6.198308,-1.90675085896009,-0.27995511174569,0.700539667258061,0.337774104732182,0.407548792010279,-0.451237753311726,0.406435917375437,-1.14626920287664,0.104678745908712,"R","crop",125,1
126,0.776944,9.263128,0.813751438232961,0.0294855006561922,-0.821792609673144,-0.116313961004385,0.454058560613775,0.826021573847971,-1.74781157245781,1.1882792867687,0.51716195992689,"U","grass",126,2
127,0.224975,10.761604,0.781591938816252,0.205373028273787,-0.626992658952501,0.897409201233052,-0.85762691195639,-0.643945309684203,0.629691354085907,0.893526661365014,0.226605125088371,"R","crop",127,1
128,1.205474,6.424337,-0.000221156238643922,-0.598538569321407,0.492389526544284,-0.49440930744476,0.52470252270447,1.66759499417642,-1.74781157245781,-1.07828036595133,0.586084963213059,"U","urban",128,2
129,1.235607,6.153207,-1.3234431566125,-1.76922528653164,1.78735301358446,1.48183778771801,1.6194529144692,1.32064428706808,0.304070687907033,-1.21945028781388,0.614383971549603,"U","urban",129,2
130,1.211807,6.15465,-1.37308149423248,-1.8697725671753,2.14236727099142,1.36535402716255,1.61404755606205,1.39226761725221,0.304070687907033,-1.22418164319204,0.71071319449866,"U","urban",130,2
131,0.07346,10.596287,0.824952621469742,0.251454545109482,0.599396440631734,0.81673343009451,-0.687650514056208,-0.727825584848995,0.957751706765008,0.898715531543483,0.37243791659766,"R","crop",131,1
132,1.594831,6.551931,-0.938442464611877,-0.0341139732143724,-0.180770884238739,-0.753683534479712,-0.85762691195639,-0.624631290083702,0.508839973986528,-0.961195243519544,0.641336484315045,"R","grass",132,1
133,1.197826,6.182581,-0.981962414937404,-1.22452447045924,1.60059245102775,0.902446368703332,1.61672363283555,1.39226761725221,0.304051861960749,-1.21342827848826,0.646806042427859,"U","urban",133,2
134,0.57057,9.299042,0.715549768295574,0.927940048793848,-0.892616108542932,0.118122698236464,-0.85762691195639,-0.574918823225358,0.509515456614483,1.03758868736894,-2.47716030388529,"R","crop",134,1
135,1.206633,6.213793,-0.801093735021217,-0.81088592707588,1.03101410618873,0.721250536851633,1.59956656792334,1.34214010409515,-1.74781157245781,-1.19996902681047,0.441500811385707,"U","grass",135,2
136,1.226376,6.176848,-0.99184776969661,-0.6153529210924,1.31366290826265,0.966732660420803,1.62469152367776,1.41437339699032,-1.74781157245781,-1.21087095324932,0.557832894017576,"U","urban",136,2
137,0.647292,10.039061,0.439731603711052,0.323973353679077,-0.386325278004695,0.664342049766032,-0.85762691195639,-0.968005458768551,-1.74781157245781,0.958598459032779,-2.47716030388529,"R","grass",137,1
138,1.61606,8.759257,0.909795623873461,0.448158344453548,-0.514770746310065,-0.953700143809276,-0.519374678816285,-0.889941056552287,0.405549087797691,0.734446820755383,0.557928640414902,"R","crop",138,1
139,0.475257,10.253138,0.24242181981566,-0.126359950966236,-0.209977807834134,1.09174317233866,-0.85762691195639,-0.966106248486072,0.508659720475588,0.917629395625421,0.267309810635661,"R","crop",139,1
140,0.167794,10.698711,1.00878897766491,-0.0117436681032324,0.0954394597902855,1.24118013583254,-0.85762691195639,-0.640870202606788,0.612409217171919,0.882073662008228,0.102579427300129,"R","crop",140,1
141,1.128621,9.449916,0.823391736865011,0.344800052385598,0.109779155643067,-0.0321270702840839,-0.85762691195639,-0.621974195083648,0.612982121200749,1.41757374235148,-2.47716030388529,"R","crop",141,1
142,0.803132,6.59948,0.0511288677166094,0.962871573700006,-1.11684383742368,-1.89427344512131,-0.85762691195639,-1.03367913437867,0.406315077565614,-0.835847611157925,0.767775370110878,"R","crop",142,1
143,1.245042,6.181909,-1.05138956269847,-1.44995083041776,1.72383890639725,0.992568747600002,1.57120267208166,1.39226761725221,0.648762637966263,-1.20101695317463,0.268183756528144,"U","crop",143,2
144,1.214477,6.14511,-1.68317304284104,-1.76108502646071,1.86776463156052,1.35981297007855,1.60711746515823,1.38178531658947,0.301161873562862,-1.22790426147745,0.730871509775896,"U","urban",144,2
145,0.601541,9.079472,0.598829664392172,0.678886603747616,-0.807774128843759,-0.425278545301453,-0.85762691195639,-1.05034387684638,0.301161873562862,1.00296197473784,0.488271828552465,"R","grass",145,1
146,0.134085,10.539043,0.513813228668644,0.0412433972189048,0.92163108669453,0.85598602215331,-0.85762691195639,-0.573128540299146,0.300702105990542,0.888706478010826,-2.47716030388529,"R","crop",146,1
147,1.100285,8.30689,0.849191395328213,0.405661044173143,-0.658417968690526,-0.45882775676711,-0.85762691195639,-0.96837168849014,0.405729621406091,0.657252659429135,0.601807677394159,"R","crop",147,1
148,1.18126,6.178694,-0.97789319314447,-1.12998556174236,1.56457792049082,0.565626147040404,1.55740109191158,1.39226761725221,0.301161873562862,-1.22158512868169,0.64413777034754,"U","urban",148,2
149,1.193524,9.599384,0.84654498696724,0.337942398418479,-0.596476679432444,0.0379529952056382,0.14666976870569,-0.626011499275151,0.50925437854668,1.3424756026876,0.717042927904534,"R","grass",149,1
150,1.311853,6.192784,-2.17652859593654,1.39723553948391,-1.36784970993139,0.0440186512571924,0.934546031121019,1.43750813400438,0.750628914657764,-1.18371828109047,-2.47716030388529,"U","crop",150,2
151,1.133539,6.460426,-0.459128898987647,1.19832897436755,-1.04347893441236,-1.68069469855147,-0.85762691195639,-0.896410429158206,0.630364506004853,-1.06973434877691,-2.47716030388529,"R","crop",151,1
152,1.307824,9.670446,0.958369556438541,-0.209204134541728,-0.0654725794407892,-0.155336918154221,-0.5577589593076,0.812521180184609,0.301161871989603,1.3845919189664,0.352119270928884,"R","grass",152,1
153,1.278151,7.954958,0.560612908209588,0.204195144946727,0.316221804586241,0.566305094849112,-0.473828667822801,-0.469245944494171,0.917909611648605,0.31273092962702,0.373057560381941,"U","urban",153,1
154,1.60584,6.459845,-0.261650879873718,0.621542413964928,0.00320803957395313,-0.458133915440934,-0.85762691195639,-0.557215724162315,0.508839973986528,-0.980458764570304,0.690432017046471,"R","crop",154,1
155,1.205177,8.65303,0.75793566540379,0.233801825194065,-0.61140618892943,-0.625569089951554,-0.85762691195639,-1.04019863887474,0.783492074923331,0.805261989209852,0.352625811600238,"R","grass",155,1
156,0.799125,10.168702,0.243154609367246,0.121725657397571,-1.03271449852022,-0.272824807259366,-0.85762691195639,-1.04212503316169,0.301060132529212,0.972052165644599,-2.47716030388529,"R","grass",156,1
157,1.203514,7.326448,0.338288657424752,0.540001525280343,-0.0526921984147456,-0.444460746081144,-0.85762691195639,-0.85837897171113,0.784888830572906,-0.0642312584991985,0.373057560172287,"R","grass",157,1
158,0.808315,8.229683,1.34758833965786,0.941351637363774,-0.963023448971602,-2.13823454598829,-0.85762691195639,0.12935757066507,-1.74781157245781,0.818879433562469,0.736452776406471,"R","crop",158,1
159,0.102632,10.81343,0.851014400906778,0.105310625698297,0.051054632489859,0.761249026148725,-0.85762691195639,-0.430948176355253,0.805116137841825,0.829868670432888,0.621209942053705,"R","crop",159,1
160,1.253296,9.358195,1.16160631813987,-0.270191944687946,0.0267044362474012,-0.413325464076904,0.383077654108892,0.797182280139461,0.301161871989603,1.58879694914212,0.352281298247384,"U","crop",160,2
161,1.067949,6.979868,0.291926616657212,0.881312111730126,-0.583132245526243,-0.816200538909799,-0.85762691195639,-0.719880828269247,-1.74781157245781,-0.337547493981296,0.557631178654655,"R","crop",161,1
162,1.164243,9.060083,1.11486435844819,0.973326256075811,-1.43512355316078,-1.06144432343874,-0.85762691195639,-0.992307061887581,0.542979026201386,1.29122404969973,-0.020434471537441,"R","grass",162,1
163,1.131121,7.529921,0.85376947284775,-0.156666631982732,-0.0254788825939425,-0.344282635811603,0.658586479559977,1.28320230142872,-1.74781157245781,0.25545303113461,0.55903476468881,"U","crop",163,2
164,1.221789,6.15055,-1.22003830352663,-1.78258316923695,2.14529723080308,1.41244322062159,1.62067380138858,1.39226761725221,-1.74781157245781,-1.22181596550296,0.66496490858886,"U","urban",164,2
165,1.172654,6.575426,-0.145533373075454,1.57143411791091,-1.23257093969652,-1.38989990327027,-0.85762691195639,-0.64637994053043,0.303822993204342,-0.963259423882893,-0.0214881727439614,"R","crop",165,1
166,0.911539,6.65556,0.0843727419913929,1.38127213309941,-0.903422115390545,-1.25288457996695,-0.85762691195639,-0.933444669731274,0.785164607516105,-0.783029399691131,0.440076183179755,"R","crop",166,1
167,0.545291,8.80575,0.296449063698937,0.815450579361308,-0.845912239649645,-0.0809987270761972,-0.85762691195639,-1.0104860194912,0.508839973986528,0.828190335208073,0.563676051135052,"R","grass",167,1
168,0.310501,10.52295,0.29948012508983,0.495937221022708,-0.616863920647095,0.506887786708699,-0.85762691195639,-0.972257800992544,0.508839973986528,0.896929249876626,-0.0220197875752957,"R","crop",168,1
169,1.373673,8.121167,0.601600284114077,0.692355761632237,0.403679984033092,0.0587069803540769,-0.85762691195639,-0.867850343160713,0.510463195649817,0.374429208976362,0.269041516461144,"R","crop",169,1
170,1.376427,6.680251,-0.0486531524336251,1.17379121081949,-1.2384006305497,-1.83158882107502,-0.85762691195639,-0.692604209789618,0.301161871989603,-0.850253025496604,0.517123965998937,"R","crop",170,1
171,0.961777,6.780964,0.169100461293584,1.30439309309294,-0.922647096296333,-1.12771110992484,-0.85762691195639,-0.68840634970501,0.646409806437317,-0.593084699091302,0.230449876454042,"R","crop",171,1
172,0.110291,10.969825,0.745527074451877,-0.120777693356149,-0.206343363848843,1.07853081510146,-0.85762691195639,-0.430948176355253,0.300280308528029,0.770552070617016,-0.022544718738754,"R","crop",172,1
173,1.197656,7.755086,0.402117465913649,-0.183903531917893,0.669132398094024,0.238686927831846,0.382353096101762,1.33051625014191,0.301161875136122,0.240728351696224,-0.0192308688500111,"U","urban",173,2
174,1.012667,8.564049,1.01027067606638,0.28094487590466,-0.436712614161687,-1.03196094100407,-0.85762691195639,-0.969690927004052,0.543298493524494,0.888337795438791,0.558111686478254,"R","crop",174,2
175,1.19688,9.549756,0.775973368176219,-0.463795095497552,0.887073967202078,0.633255249695491,0.970572162243696,1.47388843488923,-1.74781157245781,1.37094785177492,0.227411745626976,"U","urban",175,2
176,1.173026,6.198161,-0.804512867427876,-1.23433026125157,0.694185945773292,0.517561062195369,1.54858590053718,1.39226761725221,0.542859486045139,-1.21144589589888,0.441504771790642,"U","grass",176,2
177,1.12846,6.264868,-0.552982400882948,0.189688966173268,-0.238737033023088,-0.653475490746271,0.449893832200135,1.24452358391421,0.830343951854318,-1.1857963123266,0.490506726753857,"R","grass",177,1
178,0.71188,10.494149,0.250782000952207,-0.216908590276814,-0.268936797392518,0.864367467938385,-0.85762691195639,-0.851969220460628,1.04678858382323,0.945462433182437,0.102701246778159,"R","crop",178,1
179,1.1826,6.196271,-0.875163717697079,-1.37949152462778,1.24660098059916,0.734840246815729,1.58638691435707,1.39226761725221,0.54286044540426,-1.21354564517057,0.558796442779293,"U","crop",179,2
180,1.216579,6.136494,-1.88706637533963,-1.70948990172825,1.55940221194461,1.19407399397789,1.59305676723616,1.3241913282563,-1.74781157245781,-1.23162687976286,0.753853170873211,"U","urban",180,2
181,1.247742,6.141751,-1.82016650137146,-2.16360501717412,1.71004467300102,1.28495969668982,1.58598377675776,1.37312638849123,0.301161873562862,-1.21814442725098,0.557841135100401,"U","urban",181,2
182,0.789252,7.230185,0.888061592903083,1.56929230342892,-1.59405089543153,-1.52440578310862,-0.85762691195639,0.159637500818637,-1.74781157245781,0.536502960195685,-2.47716030388529,"R","crop",182,1
183,0.624868,6.834016,0.58790940998147,2.17718013123339,-1.02893345008212,-1.99380108736792,-0.85762691195639,-0.676047470300825,0.648408451574539,-0.192144594517765,0.104453056581307,"R","crop",183,1
184,0.621579,6.893828,0.615718698491196,0.427054257894632,-0.427253036902405,-1.46623886854563,0.454960141670954,0.806265127548447,-1.74781157245781,-0.0234913936259153,-0.0214881746294955,"U","crop",184,2
185,1.604139,8.11283,0.655118055086277,0.92518861580751,-0.524399895296364,-0.274536776952275,-0.85762691195639,-1.00475157295754,0.785122033206001,0.277862692869068,0.646208371190456,"R","crop",185,1
186,1.498235,6.332973,-0.697854538675976,0.181300420108444,0.695374805755508,0.0422658115565445,-0.34906946110823,-0.308716606631204,0.614119565795549,-1.05929064299543,0.268162792682878,"R","crop",186,1
187,1.209138,6.164624,-1.12418516114127,-1.13180214249056,1.83005426156339,0.86956191103311,1.61429261069124,1.39226761725221,0.40644306579276,-1.21895352257522,0.682843670813478,"U","urban",187,2
188,1.559119,7.017437,-0.0901438433762599,1.45075341010929,-1.22575487296982,-0.647891557360017,-0.85762691195639,-0.794439502281332,0.301161871989603,-0.588411028746567,-0.0186285419482706,"R","crop",188,1
189,0.023831,10.870696,0.606725676557038,-0.11897339666809,0.246505915611964,0.503734795069987,-0.85762691195639,-0.461913392966837,0.508050403564573,0.76800451566361,-0.0224339538308412,"R","crop",189,1
190,0.055598,11.021891,0.731610050009788,-0.071072580373587,0.201225252064468,0.833350493335913,-0.85762691195639,-0.430948176355253,0.629423038581872,0.725289008217234,0.622086520720122,"R","crop",190,1
191,0.193933,10.87001,0.788810295693008,0.000978431609855468,-0.706054453361946,0.485531752106942,0.677385979182784,1.39062384337289,0.300381088919624,0.844431155026246,-0.0224239345482672,"U","crop",191,2
192,1.174285,8.037435,0.614997052180978,0.340351559258433,0.262103037996615,0.288483954950537,-0.85762691195639,-0.96837168849014,0.301161873562862,0.393390027500424,0.558599422874694,"R","grass",192,1
193,1.451207,6.314718,-0.745293830289525,-0.115519411364576,1.57560913659175,0.0313359577586512,-0.841734354686484,-0.36372711548157,0.68743581675775,-1.08317685694752,-0.0214881746294955,"R","crop",193,1
194,1.225085,9.539402,0.808470788302428,0.555849306770085,-0.284463167840288,-0.195066607600389,0.502861790616013,-0.64814295313477,0.54236944280562,1.39527011775462,0.227411745626976,"R","crop",194,1
195,1.124906,8.955353,1.01467112090173,0.524841099903642,-0.881308183060875,-1.34535271809959,-0.115453796684741,-0.974850402938078,0.509802528849178,1.1730251291952,0.51742365780361,"R","grass",195,1
196,1.223989,6.432591,-0.141263780834063,0.656569400822745,-0.214566645997029,-0.667077217517459,0.440961920502012,1.14614953216646,0.301161873562862,-1.06731911352432,0.394946094182834,"U","crop",196,2
197,0.729818,7.108929,0.703812755177662,0.827090051099107,-0.187238168540098,-0.943493750468997,-0.272411547775844,-0.827836540907955,0.301161873562862,0.18907289121871,-0.0214881708584273,"R","crop",197,1
198,0.018706,10.739084,0.658253853060439,-0.0886183549082963,0.857351844630802,0.955436054625795,-0.85762691195639,-0.476452704560184,0.853345277303518,0.823918004587737,0.476408432533889,"R","crop",198,1
199,1.253676,7.867944,0.450440831344648,0.261245808188235,-0.178703249814839,0.156526995397547,-0.85762691195639,-0.95489998803004,0.887429750108477,0.257477604120254,0.227411745155338,"R","crop",199,1
200,1.495887,7.300812,0.137087778220404,1.38018861192727,-1.31792602293127,-0.643541288979436,-0.85762691195639,-0.710119656175707,0.887437716981431,-0.32576851745364,0.375696189235064,"R","crop",200,1
201,1.260624,6.20634,-1.82775130713675,-0.641870488669893,0.843372873897021,0.565908135285149,1.25729463868486,1.32057357866093,0.821945829501801,-1.18877889680441,-2.47716030388529,"U","crop",201,2
202,1.117315,7.546934,0.974882701221988,0.659715909922417,-0.44738932840926,-0.920983892693362,0.421683162106808,-0.91959702269453,0.4060071757405,0.321576358987863,0.375491971968163,"R","crop",202,2
203,1.283442,6.170702,-1.54612547839913,-1.92254772072212,1.67209294085705,0.919996435558648,1.534704542761,1.38590969960658,0.614172574450083,-1.1999067468868,-0.0214881727439614,"U","grass",203,2
204,0.01964,10.81889,0.643037980257091,0.0741375797800214,0.35108980733781,1.20835880760842,-0.85762691195639,-0.430948176355253,0.541689637868628,0.792082241655232,0.621209942053705,"R","crop",204,1
205,0.195384,10.89872,0.785109961440253,0.0929158181904237,0.170069725460484,0.503395149988535,0.383027693539701,-0.434672118795198,-1.74781157245781,0.833011986039642,0.266709662585155,"U","crop",205,2
206,0.845028,9.762486,0.446810915749753,0.814495875676712,-0.834589416105075,0.283853515545384,-0.85762691195639,-0.981076099817687,0.630630267510689,1.06098968664562,0.227730200565496,"R","grass",206,1
207,0.641473,8.141672,1.20179934457938,1.34030499038621,-1.86161552100416,-2.55760841557768,-0.85762691195639,-0.980200206458406,0.750364859308927,0.793381672785965,-0.019566170906505,"R","grass",207,1
208,0.608722,7.451385,0.891561474538782,2.04541801880123,-1.41318614038345,-1.67415732061772,-0.85762691195639,-0.209465118770661,0.303260460713788,0.578312398801924,0.557494516033227,"R","grass",208,1
209,1.220169,6.127783,-1.70514958855561,-2.03976096738263,1.57537993896309,0.998043917760845,1.56596653902105,0.925737046662766,-1.74781157245781,-1.23276097775659,0.748367579402678,"U","urban",209,2
210,1.18391,9.536808,0.756128532269695,0.0433609299072551,-0.193791641773378,0.263117918086511,0.710488869533221,-0.121797786025194,0.40522195338867,1.37326983600458,-2.47716030388529,"U","crop",210,2
211,0.205764,10.860874,0.873254424933737,-0.573571889567678,-0.253869080894213,0.923871597708656,0.633699795223914,1.48188515307812,-1.74781157245781,0.853871797779335,0.102480269854034,"U","urban",211,2
212,1.169456,6.233332,-0.591204685381435,-0.885626428320188,0.456788328972975,0.460961327768572,1.32986582078014,1.37469786983585,0.719462681048526,-1.19506980540651,0.395076793759965,"U","grass",212,2
213,1.23026,8.419887,0.599199506426667,0.806997039492963,-1.1446275769816,-0.645203687969482,-0.85762691195639,-0.944514876374454,0.405684581032199,0.631633301624984,-2.47716030388529,"R","grass",213,1
214,1.192682,6.195863,-0.892952249705166,-1.49164023105683,1.35614988392121,0.895423850217881,1.60279117836762,1.39226761725221,0.51172679066431,-1.21155137181917,0.614363054579744,"U","grass",214,2
215,1.27602,7.543443,0.330625801981018,0.612142508173233,0.129481969702289,-0.00924218966215722,-0.85762691195639,-0.728023030609454,0.716598816426382,0.00815864722491293,0.557457068775699,"R","crop",215,1
216,1.170063,9.550862,0.808941427629309,-0.0481109403877009,0.0988568069726925,0.277355985577729,0.832465003036819,1.16627568674019,0.509298477245416,1.35311264095417,0.267598205770667,"U","urban",216,2
217,1.2484,6.139543,-1.82016650137146,-2.16360501717412,1.71004467300102,1.28495969668982,1.58598377675776,1.37312638849123,0.301161873562862,-1.21814442725098,0.557841135100401,"U","urban",217,2
218,1.161714,6.198568,-0.767142827063303,-0.910288311845788,0.374285794212028,0.473394723329848,1.52561137253655,1.39226761725221,0.508839973986528,-1.21336588838275,0.353634566088788,"U","grass",218,2
219,0.127765,10.691889,0.722027993388054,0.292952107799159,0.0637073372475287,0.618077439148732,-0.489547738658227,-0.598165378629054,-1.74781157245781,0.874877919131994,0.267339162530827,"R","crop",219,1
220,0.693513,10.642697,0.179606548034959,-1.08063717805216,-0.756557418051337,2.18361542644457,-0.85762691195639,-1.02689117382477,1.15039455399149,0.934682258493371,-2.47716030388529,"R","grass",220,1
221,1.393563,6.610649,0.238279705278206,1.13421766126981,-1.1440306581977,-1.44681102680464,-0.0028383708047672,0.492475322517627,-1.74781157245781,-0.904613943298295,0.353489404994812,"R","urban",221,1
222,0.351532,10.68878,0.621947750180512,0.180564607853491,0.35427685875076,1.10637358032848,-0.85762691195639,-0.708309056671768,0.30055518444122,0.917634772362657,0.497210392026786,"R","crop",222,1
223,1.281272,6.181245,-2.13129931339409,-0.242326335705041,0.610753191009053,0.562724924961131,1.28125042902714,1.27272602603302,0.750629871961248,-1.19307766791712,-2.47716030388529,"U","crop",223,2
224,1.253651,6.143108,-1.82257996839773,-2.1419170678028,1.90850440902125,1.18915833888786,1.57682338937204,1.38573246836139,0.301161873562862,-1.21609521268312,0.517195423946953,"U","urban",224,2
225,0.975022,9.454615,0.754722218860672,0.594515715115393,-0.745430150729386,-0.22505033185012,-0.85762691195639,-0.995961536107693,0.630364506179785,1.29795758452545,-2.47716030388529,"R","grass",225,1
226,0.712233,7.623722,1.17066212318632,1.74593282766009,-1.74595649830651,-2.06941483543064,-0.85762691195639,-0.992590295307881,0.630364506004853,0.830540693310906,-0.0214881727439614,"R","crop",226,1
227,1.198763,9.817619,0.962479694960864,0.202050207607043,-0.439597971795215,-0.376379154858325,-0.85762691195639,-0.37555207405236,0.301161873562862,1.34566761503645,0.556579266728719,"R","crop",227,1
228,1.57373,8.893244,0.931949279856437,0.755320254610671,-1.48086910045285,-1.19924335278746,-0.85762691195639,-1.01924479568046,0.839167938159897,0.848073066589663,0.227411745155339,"R","grass",228,1
229,1.523733,6.401253,-0.429493987921096,0.208244610935694,-0.297565596577428,-0.211828845133077,-0.85762691195639,-0.364369618887577,0.806125754038606,-1.01018336771285,0.394967296463412,"R","grass",229,2
230,1.086329,9.759338,1.08730113195641,-0.211440371784274,-0.553834345659308,-0.337906294563226,-0.39653182749931,-0.925183822435931,0.509113184256724,1.38069655811156,0.556579266728719,"R","grass",230,1
231,0.603894,10.937729,0.594715847636154,-0.0785796503460437,0.219264447052015,1.22220909032412,-0.85762691195639,-0.652940480080149,0.300305593841821,0.863994469504164,0.727449962207891,"R","crop",231,1
232,1.324068,7.459798,0.40544682009085,0.662168946759106,-0.320526416293643,-0.415396900148195,-0.85762691195639,-0.76802422888519,-1.74781157245781,-0.0968263368810794,0.689881895908502,"R","crop",232,1
233,1.56572,7.263866,0.222443220614868,1.49111215345355,-1.17256602785959,-0.756855988995007,-0.85762691195639,-0.680495120245218,0.840374586263029,-0.372443881450777,-0.0188247478101195,"R","crop",233,1
234,1.212485,9.53425,0.769739009935137,0.404303700695047,0.133239221168977,-0.174846838294074,0.600088697753384,-0.600743600665079,0.405225616024292,1.39605970553177,-0.0214881727439614,"U","crop",234,2
235,1.565283,6.403852,-1.10795405830521,0.22500436647396,-0.403043560010711,-0.383430246811119,-0.85762691195639,-0.730555787547956,0.544493149493867,-0.999192979810869,-2.47716030388529,"R","grass",235,1
236,1.192912,6.176981,-0.920865428424297,-1.18795995468558,1.78597225712795,0.80101412707177,1.59620603681342,1.39226761725221,0.301161873562862,-1.21944229359522,0.682840809255219,"U","urban",236,2
237,0.027592,11.089105,0.762707954167721,-0.214667279126215,0.582590026364269,1.09199216270603,0.192474195823247,0.0985131547013124,-1.74781157245781,0.68656807059086,0.555795885897885,"R","crop",237,1
238,1.335405,6.399236,-1.23045689847154,1.00953544290198,-0.915124692862616,-1.61229659298619,-0.85762691195639,-0.943752134504724,0.918347832424717,-1.06362058554419,-0.0214881708584276,"R","crop",238,1
239,1.288679,6.180261,-1.71104279476167,-1.11921617231416,0.919378554501172,0.633643718538772,1.38009796460973,1.436196926391,0.646448045605617,-1.19451059162135,-2.47716030388529,"U","crop",239,2
240,0.547749,9.999342,0.26709279805101,0.282859366244174,-0.548181585841211,0.890437514205732,-0.85762691195639,-1.02051786469864,0.542289795929412,0.929876139083867,-0.0214881727439614,"R","grass",240,1
241,0.168131,10.839785,0.710394992871279,-1.00721060752039,-1.16093650668586,0.929016240341586,-0.85762691195639,-0.75010276221651,0.71584247039562,0.843265317741612,-0.0223939103751073,"R","grass",241,1
242,1.231498,6.182755,-0.982630814952067,-0.466120248989822,1.11272607669449,0.79799261536999,1.61124925562776,1.50195331969441,0.406440685102958,-1.20515406161251,0.440180810263834,"U","urban",242,2
243,1.507721,6.230405,-2.07706971668787,-1.13204165367721,-0.699360681411606,0.649513963569392,0.185109186834966,0.348831892965601,0.301161871989603,-1.10596302025505,-0.0180529272777969,"R","crop",243,1
244,0.845482,6.802125,0.263194196279422,1.19920095071058,-0.726876141691146,-0.915686177827818,-0.85762691195639,-0.949477610334689,0.406253091803779,-0.498336607073299,0.440043498100242,"R","crop",244,1
245,1.144973,8.242419,0.760963924522238,0.33829224737083,-0.355771145543924,-0.222972122067245,-0.85762691195639,-0.976890884942939,0.405755078910791,0.572072689782277,0.646161091182496,"R","grass",245,1
246,1.201081,6.204629,-0.878542300686817,-1.31769093481402,1.34723325453799,0.708416207155697,1.61175290584367,1.39226761725221,0.304042412604572,-1.20568591844729,0.558792780101926,"U","grass",246,2
247,1.529377,9.159393,1.01151779979211,0.825238849211652,-0.483617739396304,-0.950462921288787,-0.85762691195639,-0.84661364373105,0.806419747373389,1.12062299575901,0.557182373891582,"R","crop",247,1
248,1.268299,8.950706,0.900563361512519,0.246317659911225,-0.350021236991891,-0.855895182519117,-0.85762691195639,-0.948421686370382,-1.74781157245781,1.04826725957417,0.352479606145779,"R","grass",248,1
249,1.19584,9.562639,0.83708854626145,0.178483017480361,-0.512330139591031,0.0241747210924359,0.861671395140655,0.9764736053148,0.301161873562862,1.35723093278168,0.476408432533889,"U","grass",249,2
250,0.833428,9.467954,0.812055940951048,0.252083153636633,-0.42130707153106,0.17979936965321,-0.545710063854806,-0.943152553428646,-1.74781157245781,1.18676583970648,0.556802618985901,"R","grass",250,1
251,1.137357,8.986425,0.987590461625983,-0.623640921510788,0.921508989045346,-0.107265563609471,0.756411188790657,1.1334051225622,-1.74781157245781,1.19151247374474,0.477537617086962,"U","urban",251,2
252,1.164185,8.988409,0.931627393687121,0.321528314868893,0.0690529508329173,-0.706302359911954,0.47202827250899,0.715726478748305,-1.74781157245781,1.19247575247599,-0.0203681544827443,"U","grass",252,2
253,1.32387,6.163002,-2.17438916642842,-1.43106992170135,1.2301842902224,0.757167016265234,0.999316928425534,1.39625024548256,-1.74781157245781,-1.19341320746862,0.227411745155339,"U","grass",253,2
254,1.356672,9.365985,1.0387444601219,0.0490167165027947,-0.239103886514604,-0.0744409839054204,-0.85762691195639,-0.768591308298305,0.301161873562862,1.444565522751,0.622086520772545,"R","grass",254,1
255,1.487855,6.582179,-0.456887458550065,1.37787604121349,-1.32725420062059,-0.892283452228096,0.460578644206127,-0.68376431502786,-1.74781157245781,-0.933476528426936,0.916436560159391,"U","crop",255,1
256,1.469379,8.677283,0.792693268804147,0.837985556172707,-0.890578866487681,-1.08878139288412,-0.85762691195639,-0.991348595199394,0.630364506179786,0.724080549731308,0.103662950902617,"R","grass",256,1
257,0.640667,9.150428,0.42954861857397,1.13391678352202,-0.841147259300542,-0.050618993219363,-0.85762691195639,-1.01392348955754,0.872233732229898,1.03887510193728,-2.47716030388529,"R","grass",257,1
258,1.43293,9.02927,0.89312051714254,0.268421300110362,0.225948318856667,-0.577513320561687,0.363306416772811,0.347010693102116,0.301161873562862,0.985087748317978,0.556977644420826,"U","grass",258,2
259,1.14322,8.937458,0.895634930083289,0.231685184813175,-0.342303954037914,-0.640238499908978,-0.85762691195639,-0.947036335811202,0.405477620000494,1.12242297372227,0.556579266653232,"R","grass",259,1
260,1.343741,6.956731,0.353909460961629,0.673248839623817,-0.482350424524447,-0.821270689132265,-0.85762691195639,-0.700829854842666,0.71659881652479,-0.517207671082001,0.268070110249648,"R","crop",260,1
261,1.156219,6.188253,-0.857220007632421,-1.13471266011123,0.697785462123816,0.315068257693972,1.42899432219279,1.39226761725221,-1.74781157245781,-1.22377104958294,0.395102415377857,"U","grass",261,2
262,0.198502,10.425581,0.19994957478496,-0.357719821471947,-0.647871897387062,1.63434766593411,-0.85762691195639,-0.740353276636455,0.871331152128424,0.864860955206436,-0.0219039992409443,"R","crop",262,1
263,1.237263,6.147697,-1.50847433032585,-1.90521875921647,1.59361232779692,1.5340981180956,1.61593704454671,1.28030660488738,0.511750349537674,-1.21708461012479,0.558814681686022,"U","urban",263,2
264,1.665211,6.319969,-1.00167120507763,-0.429331643524465,1.09769390139152,0.138366233746226,-0.0105198781620985,-0.718312516030906,0.508839973986528,-1.0498967496349,0.499257500496431,"R","grass",264,1
265,0.633975,6.924609,0.656991053895166,0.264338020292682,-0.33838634082369,-1.29446357022721,0.638348092017324,1.2154059808395,-1.74781157245781,0.0394796248681953,0.104418142892402,"U","crop",265,2
266,1.175968,6.247405,-0.572034756627367,-0.928144170797863,-0.0276313518722388,0.265915204764486,1.09288890053747,1.34085846555515,0.719453145860128,-1.18680779015729,0.268174500125508,"U","grass",266,2
267,1.264682,6.17347,-1.14901672510585,-1.1800423347471,1.80707928194271,1.0887880555561,1.53569852005432,1.39226761725221,0.716598816426382,-1.20045543896316,-0.0180188995619685,"U","urban",267,2
268,0.48122,8.603727,0.326657518898772,0.682673738906617,-1.15108882216182,-0.392078407423255,-0.85762691195639,-0.207173127932309,1.0710435503968,0.750026423204277,-2.47716030388529,"R","grass",268,1
269,0.833666,7.58865,1.43835937361633,1.38778515022625,-1.69823375956072,-3.03479976634975,-0.85762691195639,-0.960380499224231,0.543879048815542,0.914979753749004,0.373057560172287,"R","grass",269,1
270,1.397437,7.650712,0.504830796774672,0.712156444231817,-0.627350232468088,-0.143525173394407,-0.85762691195639,-0.949996122082158,0.854139207142445,0.00327604890540516,0.104125713624608,"R","crop",270,1
271,1.086284,8.83552,1.04317184163147,0.42334496022975,-0.581454321987222,-0.882110273257018,-0.85762691195639,-0.88358794599254,0.302226155099104,1.07602563124517,0.707962230940565,"R","crop",271,1
272,1.109507,6.188258,-0.912416203558997,-0.706323684115396,-0.0798555321406733,-0.282472325881122,0.58674318485992,1.26832193836278,0.614163051781449,-1.23411382067763,-2.47716030388529,"R","grass",272,1
273,1.064547,7.558797,0.616382591665717,0.907585035671107,-0.931906092919041,-0.799376494235133,-0.85762691195639,-0.926739930964434,0.303185878213634,0.45368790690761,-2.47716030388529,"R","crop",273,1
274,0.820291,7.874094,0.94920130781366,0.652920045895151,-0.951711990853964,-1.1731726615358,-0.85762691195639,-0.918537919933374,-1.74781157245781,0.678311652962804,-2.47716030388529,"R","grass",274,1
275,0.669382,7.0081,0.707711671517759,1.42009944807219,-1.43258085245129,-1.62653219142901,-0.63220803194136,0.328648252875783,-1.74781157245781,0.0700969414167517,0.785514988796076,"R","crop",275,1
276,1.24496,6.140044,-1.82016650137146,-2.16360501717412,1.71004467300102,1.28495969668982,1.58598377675776,1.37312638849123,0.301161873562862,-1.21814442725098,0.557841135100401,"U","urban",276,2
277,0.913378,6.435461,-0.0180688586379626,0.95806307520375,-1.09783926877941,-1.84182860559424,-0.332821185366639,-0.879233556002507,-1.74781157245781,-1.07903421030199,0.4401322039241,"R","crop",277,2
278,1.764261,6.275709,-2.45463575854886,0.0520556674162874,-0.262288045893933,0.375594955659202,-0.733075685816593,-0.726151622613854,0.301161873562862,-1.07397975322853,-2.47716030388529,"R","crop",278,1
279,1.088093,6.864947,0.181243247939447,0.998204249660689,-0.806932117443161,-0.9304161820574,-0.85762691195639,-0.708674919208787,0.98881906919118,-0.514455434499288,-0.0214881727439614,"R","crop",279,1
280,1.553415,6.324913,-0.901779469037534,0.316848207673724,0.219025240051215,-0.0776284272862159,-0.0796874708283148,-0.801745543606866,0.406397303169216,-1.0440421259804,0.353596950330486,"R","grass",280,2
281,1.135008,7.330089,0.342232540033723,0.420722539545523,-0.176142286659494,-0.243120719482802,-0.85762691195639,-0.813875019115022,0.613808847279687,0.0307719529827791,-0.0214881727439614,"R","crop",281,1
282,1.267523,6.195957,-1.17961060259552,-1.28554622633844,1.57727393293178,0.703565538269474,1.35806614957869,1.37456823142614,0.808236112789598,-1.19362635999348,-2.47716030388529,"U","grass",282,2
283,0.519593,6.967628,0.844837950386657,2.0338366766783,-1.67215092670159,-1.39851604767884,-0.770673613082729,-0.680716779489327,-1.74781157245781,0.0797072215003473,0.613962413725258,"R","grass",283,1
284,1.198238,9.690209,1.20051100475486,0.155862797935484,-1.06114909124967,-0.155613642714826,-0.85762691195639,-0.734040853740076,0.542541078280831,1.37459184760814,0.556716627805754,"R","grass",284,1
285,0.634206,8.78434,0.474056578208845,1.03800557262661,-1.10514918378615,-0.165641261181842,-0.85762691195639,-1.00628745967083,0.631470069058694,0.91795832631574,-0.0214881727439614,"R","grass",285,1
286,1.199589,6.140195,-1.34919174643275,-1.00482072763118,1.60187632706411,1.15996475270283,1.52102476267868,1.41478082763277,-1.74781157245781,-1.23278417859068,0.803075517751734,"U","urban",286,2
287,0.231894,11.047534,0.650651943397321,-0.241510396880424,-0.103898591521764,0.547298873997336,-0.85762691195639,-0.430948176355253,0.886449366896535,0.762019085956534,0.496995545555628,"R","crop",287,1
288,1.022957,6.501569,-0.24702935930431,1.00516576146886,-1.02829731975971,-1.82918445612581,-0.85762691195639,-0.886224358758135,0.686313579408521,-1.02490973928399,0.104573103010339,"R","crop",288,1
289,1.181257,6.688179,0.0294961806436747,1.16996127099955,-0.766093426505672,-0.857195429371021,-0.339092733333129,-0.881769645168971,0.508839973986528,-0.830801244257937,0.104506099679533,"R","crop",289,1
290,1.13379,9.596438,0.823763712645323,0.175972231848405,-0.384894448342161,0.0292793378469511,-0.658253908430056,-0.61330756932627,0.612916151500877,1.30172732776359,0.622086520720122,"R","crop",290,1
291,1.43531,7.740908,0.572606227701067,0.351649158571469,-0.340614272799551,-0.338758672291646,-0.85762691195639,-0.431367905776868,0.405939517389174,0.0744160469690391,-0.0192166624870456,"R","crop",291,1
292,1.238213,9.614235,0.967247421033658,0.110843266606329,-0.642738294656079,0.0177060026304239,-0.85762691195639,-0.610290226604409,0.301161873562862,1.37908857983928,0.556894557139332,"R","crop",292,1
293,0.208607,11.011743,0.664355075444674,-0.0841472122182039,0.115966882657383,0.539442736729611,-0.85762691195639,-0.430948176355253,0.629440005401163,0.780730754772979,0.475300328702706,"R","crop",293,1
294,1.201786,6.229967,-0.637792229434472,-1.40042774137653,0.86863858555751,0.850726458147164,1.53054449912211,1.39226761725221,0.304028187290771,-1.19407237838583,0.476408432298007,"U","urban",294,2
295,1.093403,10.074209,0.474861112211529,0.154544763576404,-0.176877609766764,0.594178865884379,-0.85762691195639,-0.869790575123337,0.986724862365238,1.06013576989165,0.35189668513771,"R","crop",295,1
296,1.212265,6.146233,-1.68317304284104,-1.76108502646071,1.86776463156052,1.35981297007855,1.60711746515823,1.38178531658947,0.301161873562862,-1.22790426147745,0.730871509775896,"U","urban",296,2
297,1.257053,9.74706,1.24452440997014,-0.109081716316383,-1.04053679098999,-0.241370366715519,-0.85762691195639,-0.6320731783142,0.783492074860346,1.39180730653453,0.516755385920162,"R","grass",297,1
298,0.733643,7.286398,1.53813689005811,1.32546895925554,-1.97683407984143,-2.93307632207968,-0.85762691195639,-0.872800020256712,0.613825719796085,0.71355309456203,-0.0214881727439614,"R","grass",298,1
299,0.275674,10.672458,0.618831188451436,0.0938785595755631,0.68162824032853,1.37660737197354,-0.85762691195639,-0.591251874416575,0.404690094157849,0.902795491778656,0.266916418386177,"R","crop",299,1
300,0.979735,6.388968,-0.225207092898661,1.12627623150083,-1.25291167317743,-1.43459522126889,-0.85762691195639,-0.948257224399782,0.301161873562862,-1.12479069637427,0.440141334607353,"R","crop",300,1
301,1.167557,6.199837,-0.767142827063303,-0.910288311845788,0.374285794212028,0.473394723329848,1.52561137253655,1.39226761725221,0.508839973986528,-1.21336588838275,0.353634566088788,"U","grass",301,2
302,1.14269,7.520883,0.785712482218358,0.353719201971358,0.0257923502557216,-0.522994200626955,0.651142066323531,1.07453701099266,-1.74781157245781,0.228760625400913,0.624549003960708,"U","grass",302,2
303,0.614036,9.705027,0.582736282476375,0.504038878396535,-0.515039538935899,0.385456328577327,-0.85762691195639,-0.758673563778609,0.301479754607444,0.973135611372725,-2.47716030388529,"U","grass",303,1
304,0.638823,7.548592,1.38264296691039,2.00281907228568,-2.34603697394,-2.24100215320336,-0.85762691195639,-0.867707415715108,0.725805098209488,0.684885261299849,-0.019055505492139,"R","crop",304,1
305,1.087607,9.758996,1.08730113195641,-0.211440371784274,-0.553834345659308,-0.337906294563226,-0.39653182749931,-0.925183822435931,0.509113184256724,1.38069655811156,0.556579266728719,"U","grass",305,1
306,1.14599,6.192395,-0.814552651557839,-1.05280736278341,0.686558046916902,0.511410262626647,1.32299999782698,1.39226761725221,-1.74781157245781,-1.22152273857618,0.230871563652979,"U","grass",306,2
307,0.782452,10.853342,0.308272765261758,0.408967591790475,-0.216794499564523,1.11888084863148,-0.85762691195639,-0.850926634096407,0.301161873562862,0.871679107553261,0.102485263962226,"R","crop",307,1
308,1.135115,9.017845,1.02631837943583,0.233119426937063,-0.169959864785843,-0.57627557924799,0.459847068472294,0.92217837622504,0.302075696959324,1.23212147998738,0.476408432298007,"U","crop",308,2
309,0.902308,8.44441,0.949194437092268,0.947072917582764,-0.853965039692284,-0.946719873842125,-0.85762691195639,-0.391307885224767,1.01472513663431,0.840098806360631,0.4396152968564,"R","grass",309,1
310,1.1222,9.92544,1.09939556701027,0.709198768581396,-1.06227464977085,0.235418144502421,-0.85762691195639,-0.956012994096585,0.630486568615892,1.24125303295493,0.725453532904993,"R","grass",310,1
311,0.617008,6.910491,0.681787534260827,0.826450416245279,-0.634817281665663,-1.61366926795933,0.572477105992189,0.307392535655002,0.301161873562862,0.0411180667125917,-0.0214881727439614,"U","crop",311,2
312,0.544105,10.781067,0.351281628423579,0.00330764371256386,-0.229248696538231,1.36536864683334,-0.85762691195639,-0.665107093969402,0.685000212661441,0.926320105940634,-0.0223241437433886,"R","crop",312,1
313,0.968583,7.496261,0.712045150469553,1.5926611721511,-0.962398527039011,-2.05095055824104,-0.85762691195639,-0.83623558287508,-1.74781157245781,0.584379554252219,0.1041920479357,"R","crop",313,1
314,1.265374,6.158204,-1.42119834283054,-1.99847751321198,1.92908958870811,1.13021247390649,1.61101709078914,1.38567838052788,0.508839973986528,-1.20728451793284,0.268187202091496,"U","urban",314,2
315,0.413957,10.937368,0.568035627482726,-0.137667949474833,0.435937237338784,1.32083192754828,-0.85762691195639,-0.593137758071312,0.300305593841821,0.841552284672345,0.516284334061547,"R","crop",315,1
316,1.211651,7.725406,0.318361453934036,0.498794172484359,-0.460087499291419,-0.225559537822175,-0.759485969911083,-0.949996122082158,-1.74781157245781,0.202700984933986,-2.47716030388529,"R","crop",316,1
317,0.906458,9.802677,0.510417958251373,0.655736400852753,-0.677327135461795,0.422759906858936,-0.85762691195639,-0.937616807404591,0.924633811735063,1.08431038531594,0.5568617966835,"R","crop",317,1
318,1.240837,6.146638,-1.80003478496999,-2.10796031436446,1.69350629254392,1.35678372649982,1.59734540219993,1.36306741029623,0.406452553108865,-1.2205843858076,0.602677083715074,"U","urban",318,2
319,0.845728,7.339414,1.04699175720917,1.76698827018826,-1.34296986783504,-1.42445824193561,-0.85762691195639,-0.454432378200689,-1.74781157245781,0.632617508565411,0.612515875365387,"R","crop",319,1
320,0.302259,10.976682,0.70448318741899,-0.0624523031293741,0.0678973438307809,0.809904323832748,-0.85762691195639,-0.430948176355253,-1.74781157245781,0.816524008393695,0.516284334061547,"R","crop",320,1
321,1.415723,6.609638,0.136226996778473,1.888166314456,-1.51743509057035,-1.51826211754489,-0.85762691195639,-0.687863483213079,0.301161873562862,-0.899789163781445,0.58597134986059,"R","crop",321,1
322,1.195865,6.18719,-0.981962414937404,-1.22452447045924,1.60059245102775,0.902446368703332,1.61672363283555,1.39226761725221,0.304051861960749,-1.21342827848826,0.646806042427859,"U","urban",322,2
323,1.22743,6.146453,-1.84646411742067,-1.71280629377847,2.02058329879524,1.3244350365694,1.61346140898299,1.39226761725221,-1.74781157245781,-1.22546430292083,0.690568582334037,"U","urban",323,2
324,1.278377,6.157308,-1.77547540236673,-1.89471336017661,1.65270871252138,0.74843235010117,1.58360822309413,1.08440728935588,0.508839973986528,-1.20332128637164,0.227411745155339,"U","urban",324,2
325,1.245695,6.158879,-1.2275194709395,-1.66929243007637,1.72054320846196,1.48723111330582,1.61640021123055,1.33980698732915,0.614174947178649,-1.21129343762044,0.441524493164123,"U","urban",325,2
326,1.27723,6.184043,-1.39465443408631,-0.966567377653555,1.28572329186339,0.707530563907647,1.35222666777795,1.36313936543368,0.783492074860346,-1.19505928369772,-2.47716030388529,"U","grass",326,2
327,1.184532,6.190206,-0.875163717697079,-1.37949152462778,1.24660098059916,0.734840246815729,1.58638691435707,1.39226761725221,0.54286044540426,-1.21354564517057,0.558796442779293,"U","crop",327,2
328,1.470073,6.346956,-0.617243490925134,0.311064157015388,0.784899122725268,0.0559575604606944,-0.799928657317977,-0.260171836969158,0.614117119470501,-1.06302880603572,0.268163969664007,"R","crop",328,1
329,1.266781,6.166961,-1.17817527003155,-1.81963359537151,1.97179694455574,1.18560521022622,1.58335647338747,1.39226761725221,0.630364506354718,-1.203869978448,0.104690177782931,"U","urban",329,2
330,1.324937,9.768948,0.956242932385565,-0.132548018574056,-0.541652846255001,0.00916565702719421,-0.85762691195639,-0.628446051726329,-1.74781157245781,1.3730581181991,0.103102202752061,"R","grass",330,1
